"Año","Tipo de delito","tasa_media_nac","total_nac","total_Aguascalientes","total_Baja California Sur","total_Baja California","total_Campeche","total_Chiapas","total_Chihuahua","total_Ciudad de México","total_Coahuila de Zaragoza","total_Colima","total_Durango","total_Guanajuato","total_Guerrero","total_Hidalgo","total_Jalisco","total_México","total_Michoacán de Ocampo","total_Morelos","total_Nayarit","total_Nuevo León","total_Oaxaca","total_Puebla","total_Querétaro","total_Quintana Roo","total_San Luis Potosí","total_Sinaloa","total_Sonora","total_Tabasco","total_Tamaulipas","total_Tlaxcala","total_Veracruz de Ignacio de la Llave","total_Yucatán","total_Zacatecas","tasa_Aguascalientes","tasa_Baja California Sur","tasa_Baja California","tasa_Campeche","tasa_Chiapas","tasa_Chihuahua","tasa_Ciudad de México","tasa_Coahuila de Zaragoza","tasa_Colima","tasa_Durango","tasa_Guanajuato","tasa_Guerrero","tasa_Hidalgo","tasa_Jalisco","tasa_México","tasa_Michoacán de Ocampo","tasa_Morelos","tasa_Nayarit","tasa_Nuevo León","tasa_Oaxaca","tasa_Puebla","tasa_Querétaro","tasa_Quintana Roo","tasa_San Luis Potosí","tasa_Sinaloa","tasa_Sonora","tasa_Tabasco","tasa_Tamaulipas","tasa_Tlaxcala","tasa_Veracruz de Ignacio de la Llave","tasa_Yucatán","tasa_Zacatecas"
2015,"Aborto",0.00372758633545356,544,5,3,53,1,20,8,131,3,0,2,22,2,24,23,71,9,12,0,58,0,7,5,6,5,9,3,1,25,4,15,15,2,0.00371844250804485,0.00410731032783182,0.0155600350188864,0.0010904233568683,0.00371312817310009,0.00220900195910861,0.0143134561675535,0.000994259806715894,0,0.00111632808435868,0.00367580287471176,0.000552373271762126,0.008187985223416,0.00286062037652232,0.00427844222521177,0.0019214400039966,0.0061805333800307,0,0.0110135922920045,0,0.00110516532168047,0.00237342635898833,0.00385830255265297,0.00179746004515939,0.00298055091178364,0.00103474644055847,0.00040975411475082,0.00714253878969966,0.00306385690562708,0.00182085328583901,0.00696309651687344,0.00123983644077673
2015,"Abuso de confianza",0.180062948060107,20013,419,354,917,0,89,828,2705,526,38,517,1105,302,535,792,2704,169,709,161,814,31,1271,459,601,381,239,243,353,444,65,821,1131,290,0.311605482174158,0.484662618684155,0.269217964383373,0,0.0165234203702954,0.228631702767741,0.295556480406354,0.174326886110853,0.052485390415339,0.288570809806719,0.184625553479841,0.083408364036081,0.182523837271982,0.0985048407915511,0.162942363055953,0.0360803734083805,0.365166513870147,0.134300519517786,0.154570071132615,0.00762225482033854,0.200666446265125,0.217880539755129,0.386473305690739,0.136966455441145,0.0791501853240322,0.0838144616852363,0.14464320250704,0.126851488905066,0.04978767471644,0.0996613698449216,0.525017477372257,0.179776283912626
2015,"Abuso sexual",0.0982701717375916,11980,18,93,1247,9,266,1064,1646,311,26,182,968,251,158,1572,532,273,352,0,901,82,0,250,437,287,226,251,83,0,29,46,420,0,0.0133863930289615,0.127326620162786,0.366101201293421,0.00981381021181474,0.0493846047022313,0.293797260561445,0.179846937799947,0.103071599962881,0.0359110565999688,0.10158585567664,0.161735326487318,0.0693228456061468,0.0539042360541553,0.195517183995351,0.0320581868142629,0.0582836801212301,0.181295645814234,0,0.171090459570622,0.0201620933957342,0,0.118671317949417,0.281013035918225,0.103174206592149,0.0748449451181225,0.0865737855267256,0.0340095915243181,0,0.0222129625657963,0.00558395007657295,0.194966702472456,0
2015,"Acoso sexual",0.00809951188342647,1109,0,14,0,0,0,0,33,68,0,3,212,8,118,130,166,0,2,7,0,5,116,23,52,44,5,0,0,45,0,58,0,0,0,0.0191674481965485,0,0,0,0,0.00360567979793333,0.0225365556188936,0,0.00167449212653802,0.0354213731563134,0.0022094930870485,0.0402575940151287,0.0161687238673001,0.0100031184420444,0,0.00103008889667178,0.00583915302251244,0,0.00122939593876428,0.0183141681878478,0.0109177612513463,0.0334386221229924,0.0158176483974026,0.00165586161765758,0,0,0.0128565698214594,0,0.00704063270524415,0,0
2015,"Allanamiento de morada",0.118836769744409,12326,169,124,3440,43,104,313,615,306,82,159,190,250,295,554,1421,135,462,24,368,37,370,101,259,250,162,150,483,336,67,192,774,91,0.125683356771916,0.169768826883715,1.00993434839564,0.0468882043453371,0.0193082665001205,0.0864272016501245,0.0671967598705758,0.101414500285021,0.113257947738363,0.0887480827065151,0.0317455702816016,0.0690466589702658,0.100643985037822,0.0689036386344941,0.0856291042538864,0.0288216000599489,0.237950535131182,0.0200199532200426,0.0698793441975459,0.00909752994685567,0.0584158812888249,0.0479432124515643,0.16655006018952,0.0898730022579693,0.0536499164121055,0.0517373220279237,0.197911237424646,0.0959957213335634,0.0513196031692536,0.0233069220587393,0.359295780270669,0.0564125580553413
2015,"Amenazas",0.630225837995416,68007,1148,953,4197,27,77,2392,9860,2097,201,1765,3752,1258,1928,7696,0,447,3182,193,3741,197,4401,1108,792,1274,1008,315,3169,2364,136,2435,5550,344,0.853754399847098,1.30475558080791,1.23217862215596,0.0294414306354442,0.0142955434664354,0.660491585773475,1.07733341841281,0.69498760489441,0.277620091407451,0.985159534446536,0.626891472087206,0.347442787938377,0.657768146281085,0.957188452944163,0,0.0954315201984976,1.63887143460481,0.160993790477843,0.710376702834291,0.0484381999873126,0.694833225816536,0.525951281151814,0.509295936950192,0.457992819506612,0.333821702119768,0.10864837625864,1.29851078964535,0.675398467954,0.104171134791321,0.295585183401199,2.57634571124317,0.213251867813598
2015,"Contra el medio ambiente",0.00582400807726494,1184,5,1,7,4,76,29,593,32,0,0,7,3,5,17,232,78,12,1,0,0,20,3,28,19,0,0,1,1,0,3,6,1,0.00371844250804485,0.00136910344261061,0.00205509896475858,0.00436169342747322,0.0141098870577804,0.00800763210176872,0.0647929733386202,0.0106054379383029,0,0,0.00116957364195374,0.000828559907643189,0.00170583025487833,0.00211437158264693,0.0139802619190019,0.0166524800346372,0.0061805333800307,0.000834164717501777,0,0,0.00315761520480134,0.001424055815393,0.0180054119123805,0.00683034817160567,0,0,0.00040975411475082,0.000285701551587986,0,0.000364170657167801,0.00278523860674938,0.000619918220388366
2015,"Corrupción de menores",0.0176973791297936,1940,57,6,312,4,44,151,182,54,0,0,140,3,19,128,85,29,39,54,181,5,41,1,84,40,68,82,19,42,0,20,38,12,0.0423902445917113,0.00821462065566364,0.0915986967149537,0.00436169342747322,0.00816888198082021,0.0416949119781751,0.0198858704007232,0.0178966765208861,0,0,0.0233914728390749,0.000828559907643189,0.00648215496853767,0.0159199742693416,0.00512207872032396,0.00619130667954458,0.0200867334850998,0.0450448947450959,0.0343700035319451,0.00122939593876428,0.00647311116984275,0.000474685271797666,0.0540162357371416,0.0143796803612751,0.0225197180001431,0.0282830693752649,0.00778532818026559,0.0119994651666954,0,0.00242780438111867,0.0176398445094127,0.0074390186446604
2015,"Daño a la propiedad",1.07107431805189,120246,1860,1769,10975,235,1263,6419,9518,8330,146,2206,8414,1954,1782,7496,12471,1217,3018,234,8099,442,4366,1982,3396,2465,2595,2150,2763,2107,356,4122,4690,1406,1.38326061299268,2.42194398997816,3.22210159117505,0.256249488864051,0.234484044131271,1.77244794693977,1.03996546414332,2.76072806331446,0.201654394753671,1.23130987704762,1.4058275176284,0.539668686511597,0.607957902838638,0.932313493148317,0.751499337896001,0.259821387207095,1.55440414507772,0.195194543895416,1.53791524091284,0.108678600986762,0.689307399208133,0.940826208702975,2.18379924480158,0.886147802263577,0.859392179564283,0.741568282400239,1.13215061905652,0.601973169195887,0.27268326460081,0.500370482948559,2.1771281776091,0.871605017866043
2015,"Delitos cometidos por servidores públicos",0.0656512880773633,11821,6,140,401,21,216,567,3142,170,0,123,0,119,2,1414,2899,266,87,90,1104,87,42,3,3,103,285,56,35,1,0,279,7,153,0.00446213100965382,0.191674481965485,0.117727812124027,0.0228988904942344,0.040101784269481,0.156563013851823,0.343304421972925,0.056341389047234,0,0.0686541771880589,0,0.0328662096698465,0.000682332101951333,0.175865965756633,0.174693014237872,0.0567892267847883,0.0448088670052226,0.0750748245751599,0.209638032592638,0.0213914893344985,0.00663099193008282,0.001424055815393,0.00192915127632648,0.0370276769302834,0.094384112206482,0.0193152668904248,0.0143413940162787,0.000285701551587986,0,0.0338678711166055,0.00324944504120761,0.0948474877194201
2015,"Despojo",0.174243274373958,21618,179,262,1196,11,353,612,3248,373,52,373,786,429,640,1458,3178,328,957,185,781,116,1394,483,597,275,337,331,492,341,115,1156,335,245,0.133120241788006,0.358705101963979,0.351128337407322,0.0119946569255513,0.0655367122552167,0.168988649871809,0.354886302535984,0.123619635968343,0.0718221131999376,0.208195187732894,0.13132641179652,0.118484066792976,0.218346272624427,0.181338456911719,0.191505484390465,0.070025813478987,0.492897537057448,0.154320472737829,0.148303716897509,0.0285219857793313,0.220085779774654,0.229272986278273,0.38390110398897,0.0988603024837662,0.111605073030121,0.114167023941618,0.201599024457404,0.0974242290915033,0.0880858860367785,0.140327093228659,0.155509155543507,0.15187996399515
2015,"Electorales",0.00451212908138182,738,1,0,2,4,46,3,20,0,0,15,54,10,0,45,266,81,44,0,53,0,9,5,0,44,0,1,2,3,0,7,9,14,0.00074368850160897,0,0.000587171132788165,0.00436169342747322,0.00854019479813022,0.00082837573466573,0.00218526048359596,0,0,0.00837246063269011,0.00902242523792887,0.00276186635881063,0,0.0055968659540654,0.0160290934071314,0.0172929600359694,0.0226619557267792,0,0.0100641446806248,0,0.0014209268421606,0.00237342635898833,0,0.0158176483974026,0,0.000344915480186158,0.000819508229501641,0.000857104654763959,0,0.000849731533391536,0.00417785791012406,0.00867885508543713
2015,"Evasión de presos",0.000951980019076181,119,0,2,7,0,3,2,23,1,0,1,3,0,0,7,9,2,4,0,12,0,13,1,6,1,3,1,5,9,2,2,0,0,0,0.00273820688522121,0.00205509896475858,0,0.000556969225965014,0.000552250489777153,0.00251304955613535,0.000331419935571965,0,0.00055816404217934,0.000501245846551604,0,0,0.000870623592854618,0.000542337746857831,0.000426986667554799,0.00206017779334357,0,0.00227867426731128,0,0.00205244988312087,0.000474685271797666,0.00385830255265297,0.000359492009031877,0.000993516970594547,0.000344915480186158,0.0020487705737541,0.00257131396429188,0.00153192845281354,0.000242780438111867,0,0
2015,"Extorsión",0.0401532628446857,6008,39,49,221,34,217,11,639,36,14,62,8,144,42,831,1580,43,172,1,509,33,273,6,116,141,128,20,171,174,9,126,68,91,0.0290038515627498,0.0670860686879197,0.0648824101730922,0.0370743941335223,0.040287440678136,0.00303737769377434,0.0698190724508909,0.0119311176805907,0.0193367227845986,0.0346061706151191,0.00133665559080428,0.0397708755668731,0.014328974140978,0.103355457951741,0.0952104044483747,0.00918021335242818,0.0885876451137733,0.000834164717501777,0.0966537668384534,0.00811401319584425,0.0431014475455383,0.002848111630786,0.0745938493512907,0.0506883732734947,0.042390057412034,0.00689830960372316,0.0700679536223903,0.0497120699763096,0.00689367803766093,0.0152951676010476,0.0315660375431596,0.0564125580553413
2015,"Falsedad",0.0213056824971575,2568,100,10,147,0,23,226,477,1,13,13,156,62,75,208,97,12,112,21,149,5,151,37,9,38,43,23,16,121,17,117,52,37,0.074368850160897,0.0136910344261061,0.0431570782599301,0,0.00427009739906511,0.0624043053448183,0.0521184625337636,0.000331419935571965,0.0179555282999844,0.00725613254833142,0.0260647840206834,0.0171235714246259,0.025587453823175,0.0258699581876801,0.0058451957161344,0.00256192000532879,0.0576849782136198,0.0175174590675373,0.028293538819115,0.00122939593876428,0.0238399947962501,0.0175633550565137,0.00578745382897945,0.0136606963432113,0.0142404099118552,0.00793305604428163,0.00655606583601312,0.0345698877421464,0.0130213918489151,0.0142026556295442,0.0241387345918279,0.0229369741543696
2015,"Falsificación",0.0913987498114719,14013,308,29,497,7,96,469,4625,426,62,35,806,104,98,1394,1671,171,270,44,510,34,585,642,92,64,203,30,78,187,23,217,112,124,0.229056058495563,0.0397039998357076,0.145912026497859,0.00763296349807813,0.0178230152308805,0.129502739852742,0.505341486831566,0.141184892553657,0.0856340580460794,0.0195357414762769,0.134668050773531,0.0287234101316306,0.0334342729956153,0.173378469777048,0.100694041666604,0.0365073600759353,0.139062001050691,0.0367032475700782,0.0968436563607293,0.0083598923835971,0.0923602447404393,0.304747944494102,0.0591606391406789,0.0230074885780401,0.0672279816768977,0.0103474644055847,0.031960820950564,0.0534261901469534,0.0176171772073557,0.0263416775351376,0.0519911206593217,0.0768698593281574
2015,"Feminicidio",0.00280266143486334,413,0,0,10,4,36,0,56,16,5,2,16,1,0,62,60,12,15,0,1,8,6,8,0,7,14,24,8,0,1,40,1,0,0,0,0.00293585566394082,0.00436169342747322,0.00668363071158017,0,0.00611872935406869,0.00530271896915143,0.00690597242307092,0.00111632808435868,0.00267331118160855,0.000276186635881063,0,0.00771123753671233,0.0036155849790522,0.00256192000532879,0.00772566672503837,0,0.00018988952227594,0.00196703350202285,0.000947284561440403,0.00379748217438133,0,0.00251644406322314,0.00463641252944122,0.00827797152446779,0.00327803291800656,0,0.00076596422640677,0.00485560876223735,0.000464206434458229,0
2015,"Fraude",0.484049926267372,59416,1087,646,1993,5,293,2648,11691,982,44,2094,2407,738,898,6587,5142,512,1780,541,2502,150,4227,1486,1429,1177,433,649,1054,967,346,2602,1562,744,0.80838940124895,0.884440823926452,0.585116033823406,0.00545211678434152,0.0543973277359164,0.731179648464951,1.27739401568602,0.325454376731669,0.0607725573230241,1.16879550432354,0.402166250883237,0.203825737280224,0.306367113776149,0.819256800876196,0.309855632704774,0.109308586894029,0.916779118037887,0.451283112168461,0.475103584734402,0.0368818781629284,0.667361973534764,0.705382313891332,0.918919057956849,0.42312209463052,0.143397616089146,0.223850146640816,0.431880836947365,0.276273400385583,0.265023622336742,0.315857349983539,0.725090450623754,0.461219155968945
2015,"Homicidio",0.268350513146863,31331,211,201,1219,118,1552,1286,1585,535,222,494,2398,2721,651,1736,3097,2041,851,147,988,416,1206,447,571,392,1404,983,685,1383,322,1008,104,357,0.156918273839493,0.275189791964732,0.357880805434386,0.12866995611046,0.288138746232567,0.355097064926709,0.17318189332498,0.177309665531001,0.306625175584349,0.275733036836594,0.400662513343582,0.751503836232372,0.222099099185159,0.215914651027945,0.186624444668745,0.435739894239672,0.438302825533844,0.122622213472761,0.187610848008629,0.102285742105188,0.190404196849521,0.212184316493557,0.367181792927474,0.140920867540496,0.464965942238248,0.339051917022993,0.280681568604312,0.395125245846185,0.24664048090298,0.122361340808381,0.0482774691836559,0.221310804678647
2015,"Hostigamiento sexual",0.00762120077989894,784,11,5,115,0,21,157,0,0,0,15,34,13,6,24,59,37,86,0,25,6,35,0,5,9,0,6,80,8,1,0,18,8,0.00818057351769867,0.00684551721305303,0.0337623401353195,0,0.0038987845817551,0.0433516634475065,0,0,0,0.00837246063269011,0.00568078626091818,0.00359042626645382,0.002046996305854,0.00298499517550155,0.00355532522940133,0.00789925334976378,0.0442938225568867,0,0.0047472380568985,0.00147527512651714,0.00552582660840235,0,0.00321525212721081,0.0032354280812869,0,0.00206949288111695,0.0327803291800656,0.00228561241270389,0.00076596422640677,0,0.00835571582024813,0.00495934576310693
2015,"Incesto",0.000197370393799502,17,2,0,2,0,0,1,0,1,0,0,3,0,1,1,0,0,0,0,1,0,0,0,1,0,0,0,0,1,0,0,2,1,0.00148737700321794,0,0.000587171132788165,0,0,0.000276125244888577,0,0.000331419935571965,0,0,0.000501245846551604,0,0.000341166050975667,0.000124374798979231,0,0,0,0,0.00018988952227594,0,0,0,0.000643050425442161,0,0,0,0,0.000285701551587986,0,0,0.000928412868916459,0.000619918220388366
2015,"Incumplimiento de obligaciones de asistencia familiar",0.290820190952569,27894,150,526,1963,13,1125,1957,873,580,137,35,1045,1069,633,0,3350,154,253,659,566,17,11,812,1268,435,172,3013,1976,2118,286,1297,1212,189,0.111553275241346,0.720148410813179,0.576308466831583,0.014175503639288,0.20886345973688,0.540377104246944,0.0953866201089636,0.192223562631739,0.189223644392143,0.0195357414762769,0.174600636548809,0.295243513756856,0.215958110267597,0,0.201870161330415,0.0328779734017195,0.130306245428981,0.549714548833671,0.107477469608182,0.00417994619179855,0.00173668836264074,0.385444440699705,0.815387939460661,0.156379023928867,0.0569616396474207,1.03923034180089,0.809674130747621,0.605115886263355,0.219065768752336,0.157443114115546,0.562618198563374,0.117164543653401
2015,"Lesiones",1.50632570710073,207116,3428,1565,15325,191,1456,4872,11262,5832,294,3921,10657,3529,3693,11285,63716,4330,4686,703,8261,744,9068,3345,3647,2723,3279,2393,5844,5029,952,5140,4048,1898,2.54936418351555,2.1426468876856,4.49919880498931,0.208270861161846,0.270315731001687,1.34528219309715,1.23052017831288,1.9328410642557,0.40607117847657,2.18856120938519,1.78059232890015,0.974662638024271,1.25992622625314,1.40356960648062,3.83951020875484,0.92442613525614,2.41349828490199,0.586417796403749,1.56867734352154,0.182934115688125,1.43166273385693,1.58782223416319,2.34520490158756,0.978896740593802,1.08591404885984,0.825382744085476,2.39460304660379,1.43679310293598,0.729197943539245,0.623945725947499,1.87910764668691,1.17660478229712
2015,"Narcomenudeo",0.298212647840942,32398,614,604,0,58,724,3064,1522,2331,493,314,3060,349,111,5045,959,1136,734,538,1849,36,3133,224,557,142,939,2587,1,854,68,80,179,93,0.456624739987908,0.826938479336806,0,0.0632445546983616,0.134415239866223,0.846047750338599,0.166298322801653,0.772539869818249,0.680928880914793,0.175263509244313,0.511270763482636,0.096389135922491,0.037869431658299,0.627470860850221,0.0577890999151844,0.242528427171126,0.378042625078544,0.448780618015956,0.351105726688213,0.00885165075910282,0.49464042183213,0.106329500882677,0.358179086971284,0.0510478652825266,0.310970811796093,0.89229634724159,0.00040975411475082,0.24398912505614,0.0520855673956604,0.0097112175244747,0.083092951768023,0.0576523944961181
2015,"Otros delitos contra el patrimonio",0.047148777932098,3813,1,86,198,32,2,104,0,1111,5,210,0,75,7,0,44,7,262,8,84,283,0,33,5,6,67,0,149,0,22,214,773,25,0.00074368850160897,0.117742896064512,0.0581299421460283,0.0348935474197857,0.000371312817310009,0.028717025468412,0,0.368207548420453,0.00690597242307092,0.117214448857661,0,0.0207139976910797,0.00238816235682967,0,0.00265142898463828,0.0014944533364418,0.134941645464004,0.00667331774001421,0.0159507198711789,0.0695838101340582,0,0.015664613969323,0.00321525212721081,0.00215695205419126,0.0221885456766116,0,0.0610533630978722,0,0.0168512129809489,0.0259775068779698,0.358831573836211,0.0154979555097092
2015,"Otros delitos contra la familia",0.0614067448687789,8561,63,54,108,1,2,4,990,265,0,141,0,76,0,1319,43,97,278,8,3345,20,14,66,31,23,52,16,8,416,22,605,425,69,0.0468523756013651,0.0739315859009727,0.0317072411705609,0.0010904233568683,0.000371312817310009,0.00110450097955431,0.108170393938,0.0878262829265706,0,0.078701129947287,0,0.0209901843269608,0,0.164050359853606,0.00259116923498741,0.0207088533764077,0.143182356637378,0.00667331774001421,0.635180452013019,0.00491758375505712,0.00221033064336094,0.031329227938646,0.019934563188707,0.00826831620773318,0.0172209608236388,0.00551864768297852,0.00327803291800656,0.118851845460602,0.0168512129809489,0.0734410825288399,0.197287734644747,0.0427743572067973
2015,"Otros delitos contra la sociedad",0.0177182307669881,2546,0,0,6,0,11,16,15,1,0,68,0,0,0,0,596,3,4,12,5,66,1074,108,0,0,172,0,31,0,0,12,343,3,0,0,0.00176151339836449,0,0.00204222049520505,0.00441800391821722,0.00163894536269697,0.000331419935571965,0,0.0379551548681951,0,0,0,0,0.0359148107919186,0.000640480001332198,0.00206017779334357,0.0100099766100213,0.000949447611379699,0.0162280263916885,0.169563936497832,0.051266009354148,0,0,0.0569616396474207,0,0.0127023775572754,0,0,0.0014566826286712,0.159222807019173,0.0018597546611651
2015,"Otros delitos del Fuero Común",1.47810106130679,173845,1614,2877,15238,76,3362,3658,9215,6650,1154,1873,16827,7948,2281,8494,40802,1677,5019,968,2306,705,1903,1513,2174,1532,173,2627,16665,3867,638,2161,6569,1279,1.20031324159688,3.93891060439071,4.47365686071303,0.0828721751219911,0.624176845898126,1.01006614580241,1.00685876781684,2.20394257155356,1.59389843524477,1.0454412510019,2.81148795330795,2.19513138198269,0.778199762275496,1.05643954252959,2.4587183052548,0.358028320744699,2.58500808619784,0.80747144654172,0.437885238368317,0.173344827365763,0.300447086736848,0.718198816229869,1.39799162491126,0.550741757836836,0.0572928119709522,0.906092966449036,6.82855232232242,1.10480789999074,0.488685176447519,0.262324263379873,3.04937206795611,0.792875403876721
2015,"Otros delitos que atentan contra la libertad personal",0.0868652826390447,11236,61,33,797,7,57,609,678,17,5,82,0,250,798,415,1048,278,237,21,2104,90,973,33,70,208,560,136,333,819,0,279,87,151,0.0453649985981472,0.04518041360615,0.233987696416084,0.00763296349807813,0.0105824152933353,0.168160274137143,0.074080330393903,0.0056341389047234,0.00690597242307092,0.0457694514587059,0,0.0690466589702658,0.272250508678582,0.0516155415763809,0.0631522176341118,0.059351146790117,0.122065534255606,0.0175174590675373,0.399527554868577,0.022129126897757,0.153617979713585,0.015664613969323,0.0450135297809513,0.0747743378786305,0.185456501177649,0.0469085053053175,0.136448120212023,0.233989570750561,0,0.0338678711166055,0.040385959797866,0.0936076512786433
2015,"Otros delitos que atentan contra la libertad y la seguridad sexual",0.0468642995560763,4899,252,68,306,9,52,100,8,53,5,269,0,88,81,157,676,38,112,121,393,24,734,53,6,40,70,68,171,413,2,349,18,163,0.18740950240546,0.0930990340975212,0.0898371833165892,0.00981381021181474,0.00965413325006025,0.0276125244888577,0.000874104193438384,0.0175652565853141,0.00690597242307092,0.150146127346243,0,0.0243044239575335,0.027634450129029,0.0195268434397393,0.0407355907639882,0.00811274668354118,0.0576849782136198,0.100933930817715,0.0746265822544444,0.00590110050606854,0.115884478016209,0.0251583194052763,0.00385830255265297,0.0143796803612751,0.0231820626472061,0.0234542526526587,0.0700679536223903,0.117994740805838,0.00153192845281354,0.0423651864505209,0.00835571582024813,0.101046669923304
2015,"Otros delitos que atentan contra la vida y la integridad corporal",0.0365063587163674,3122,70,3,191,10,0,352,0,12,0,31,0,1,92,0,318,34,425,4,19,22,81,659,1,37,409,2,95,1,14,23,161,55,0.0520581951126279,0.00410731032783182,0.0560748431812697,0.010904233568683,0,0.097196086200779,0,0.00397703922686357,0,0.0173030853075596,0,0.000276186635881063,0.0313872766897613,0,0.0191626003889767,0.00725877334843158,0.218893890542754,0.00333665887000711,0.00360790092324286,0.00540934213056283,0.0127883415794454,0.312817594114662,0.000643050425442161,0.0133012043341795,0.13544948032439,0.000689830960372316,0.0389266409013279,0.000285701551587986,0.0107234991696948,0.00279197503828648,0.0747372359477749,0.0340955021213602
2015,"Rapto",0.00211102137450473,271,0,0,1,0,5,0,5,4,0,0,0,0,1,0,0,0,0,0,154,8,11,0,0,0,50,19,0,0,0,0,0,13,0,0,0.000293585566394082,0,0.000928282043275024,0,0.00054631512089899,0.00132567974228786,0,0,0,0,0.000341166050975667,0,0,0,0,0,0.0292429864304947,0.00196703350202285,0.00173668836264074,0,0,0,0.0165586161765758,0.006553394123537,0,0,0,0,0,0.00805893686504876
2015,"Robo",5.08175431620029,652647,10719,9113,48838,858,7930,16139,77435,13140,2986,10363,31655,12600,9866,27501,168652,16001,20564,1468,14534,1737,23166,17633,12652,6033,10115,9997,18091,19273,4736,17841,3625,7386,7.97159704874655,12.4766396725105,14.3381318915542,0.935583240193005,1.47225532063419,4.45638532725674,8.46078227736266,4.35485795341561,4.12424673105795,5.7842539691045,5.28897909086368,3.47995161210139,3.36594425892593,3.42043134672784,10.1629272981185,3.41610683377217,10.5913740355793,1.22455380529261,2.75985431675851,0.427092149126711,3.6574656917214,8.37012539760825,8.13587398269423,2.16881529048932,3.34980805252128,3.44812005542102,7.41286168995709,5.50632600375526,3.62760657626246,2.16572289817691,1.68274832491108,4.57871597578847
2015,"Secuestro",0.00886847108337343,1062,5,0,11,6,10,6,55,25,5,6,8,81,19,20,163,31,32,12,21,17,33,19,5,21,12,8,78,230,8,97,0,18,0.00371844250804485,0,0.0032294412303349,0.00654254014120982,0.00185656408655005,0.00165675146933146,0.00600946632988889,0.00828549838929911,0.00690597242307092,0.00334898425307604,0.00133665559080428,0.0223711175063661,0.00648215496853767,0.00248749597958462,0.00982233919309182,0.00661829334709938,0.0164814223467485,0.0100099766100213,0.00398767996779474,0.00417994619179855,0.00521006508792222,0.00901902016415566,0.00321525212721081,0.00754933218966942,0.00397406788237819,0.00275932384148926,0.031960820950564,0.0657113568652369,0.00612771381125416,0.0117748512484256,0,0.0111585279669906
2015,"Tráfico de menores",0.000805055316197739,96,0,0,5,0,2,2,4,0,0,1,18,0,1,4,6,3,4,0,3,0,0,0,0,1,1,40,1,0,0,0,0,0,0,0,0.00146792783197041,0,0.000371312817310009,0.000552250489777153,0.000437052096719192,0,0,0.00055816404217934,0.00300747507930962,0,0.000341166050975667,0.000497499195916925,0.00036155849790522,0.000640480001332198,0.00206017779334357,0,0.00056966856682782,0,0,0,0,0.000359492009031877,0.000331172323531516,0.0137966192074463,0.00040975411475082,0,0,0,0,0
2015,"Trata de personas",0.00294352443184426,415,2,0,26,1,93,21,36,8,0,2,9,3,2,0,46,8,18,0,0,2,93,2,8,3,5,0,12,3,5,3,0,4,0.00148737700321794,0,0.00763322472624614,0.0010904233568683,0.0172660460049154,0.00579863014266011,0.00393346887047273,0.00265135948457572,0,0.00111632808435868,0.00150373753965481,0.000828559907643189,0.000682332101951333,0,0.00277194848394002,0.0017079466702192,0.00927080007004604,0,0,0.000491758375505712,0.0146829107023262,0.000949370543595333,0.00514440340353729,0.00107847602709563,0.00165586161765758,0,0.00491704937700984,0.000857104654763959,0.00382982113203385,0.000364170657167801,0,0.00247967288155347
2015,"Violación",0.115434241694165,12619,125,134,1081,79,741,917,711,105,24,190,724,305,348,373,1545,319,417,128,847,84,548,323,530,275,187,204,269,531,47,106,224,178,0.0929610627011213,0.183459861309821,0.317365997272003,0.086143445192596,0.137571398813359,0.253206849562825,0.0776860101918364,0.0347990932350563,0.0331486676307404,0.106051168014075,0.120967330967787,0.0842369239437242,0.118725785739532,0.0463918000192532,0.0931013132105943,0.0681043734749904,0.214773534956067,0.106773083840227,0.160836425367721,0.0206538517712399,0.0865186566115568,0.153323342790646,0.340816725484346,0.0988603024837662,0.0619292245003934,0.0703627579579762,0.110223856867971,0.151707523893221,0.0360003186411182,0.012867363219929,0.103982241318643,0.110345443229129
2015,"Violencia de género en todas sus modalidades distinta a la violencia familiar",0.00446232094872381,1645,2,0,0,0,0,0,0,13,0,0,0,15,0,0,1099,0,0,0,0,0,0,2,0,0,0,0,0,20,0,494,0,0,0.00148737700321794,0,0,0,0,0,0,0.00430845916243554,0,0,0,0.00414279953821594,0,0,0.0662254648663062,0,0,0,0,0,0,0.000949370543595333,0,0,0,0,0,0.00571403103175973,0,0.0599667682136312,0,0
2015,"Violencia familiar",1.0809129029884,127424,481,1691,8892,18,1251,12273,16103,2154,549,3521,10298,2022,2294,8543,4722,921,4034,298,17062,618,5024,942,3058,2924,2387,2231,4230,2394,24,3572,2158,735,0.357714169273915,2.31515392145454,2.61056285637618,0.0196276204236295,0.232256167227411,3.3888851305175,1.75946247836729,0.713878541222012,0.758275772053187,1.96529559251346,1.72060990926281,0.558449377751509,0.782634920938179,1.06253390767957,0.284546537851408,0.196627360408985,2.07768930458699,0.248581085815529,3.23989502907209,0.151953338031265,0.793192939446097,0.447153526033402,1.96644820100213,1.05115463440921,0.790508336269728,0.769506436295318,1.73325990539597,0.683969514501639,0.0183831414337625,0.433605862467795,1.00175748556086,0.455639891985449
2016,"Aborto",0.00382028640256514,562,7,3,43,1,22,13,115,2,0,5,27,5,7,31,66,11,16,0,47,16,13,10,3,8,9,4,3,33,4,29,8,1,0.0051191594047734,0.00401699456500635,0.0123187672981993,0.00108295547211985,0.00403419752567996,0.00355405471166501,0.0125043003920044,0.000654893429192268,0,0.00276746436059396,0.00446830556391754,0.00138081686364019,0.00235566979432311,0.0038108214791175,0.00394326454865962,0.00233400206028727,0.0081821217571311,0,0.00871533060030455,0.00390684327551694,0.00202872898724444,0.00461061085983282,0.00184921842783148,0.00285640835213802,0.00296762127349202,0.00136948171622079,0.00122698182103734,0.00937606812594276,0.00303207633555382,0.00352175149088492,0.00364320126273356,0.000617053127040132
2016,"Abuso de confianza",0.18603182991571,20796,394,364,653,1,146,656,3213,490,92,716,1056,255,656,1326,2425,196,662,87,1003,280,693,564,322,381,279,391,449,812,55,466,1408,305,0.288135543640103,0.487395340554104,0.187073373156375,0.00108295547211985,0.0267724017613306,0.179343068527096,0.349359279647914,0.160448890152106,0.126279263846796,0.396300896437056,0.174760395388775,0.0704216600456498,0.220759912153708,0.163004815526123,0.144885098946963,0.0415876730742096,0.338535287701299,0.0719134855970514,0.185988863661818,0.0683697573215464,0.108146860627723,0.260038452494571,0.198482777920579,0.136036447770573,0.0919962594782526,0.133866837760582,0.183638279215255,0.230708100553501,0.0416910496138651,0.0565909032673232,0.641203422241106,0.18820120374724
2016,"Abuso sexual",0.116573841625912,15108,1,181,1175,21,311,1076,1875,431,30,317,970,213,334,2345,1529,211,369,0,946,359,0,294,338,279,246,423,128,171,23,54,432,26,0.0007313084863962,0.242358672088717,0.336617478497305,0.0227420649145169,0.0570288832039303,0.294166374596273,0.203874462913115,0.141129533990934,0.0411780208196073,0.175457240461657,0.160528014703704,0.0588227983910722,0.112399101614845,0.288270205436469,0.0913522953772811,0.0447704031564195,0.188700183023836,0,0.175419207401875,0.0876597959944113,0,0.135551959279085,0.208345276202346,0.0996172412808135,0.0811149814754485,0.144822691490349,0.0523512243642598,0.0485850802889761,0.0174344389294345,0.00655774415544088,0.196732868187612,0.0160433813030434
2016,"Acoso sexual",0.00936675554481122,1325,0,33,0,0,0,0,181,139,0,9,166,15,7,199,175,0,6,4,0,38,94,40,41,62,8,0,0,28,0,80,0,0,0,0.0441869402150699,0,0,0,0,0.019680681486546,0.0455150933288626,0,0.00498143584906914,0.0274718045781597,0.00414245059092058,0.00235566979432311,0.0244630153014317,0.0104556256972035,0,0.00306829565892416,0.00330636715388742,0,0.00927875277935272,0.0146692711385368,0.0184424434393313,0.0252726518470302,0.0221371647290697,0.00263788557643735,0,0,0.00795545174322416,0,0.00971517652657908,0,0
2016,"Allanamiento de morada",0.131248612465895,13332,158,184,3307,43,141,280,752,429,77,206,272,207,257,565,1234,133,398,13,351,258,210,149,174,373,131,319,493,343,24,231,1497,123,0.1155467408506,0.246375666653723,0.94739915011965,0.0465670853011537,0.0258555386873125,0.0765488707127848,0.0817672512590199,0.140474640561741,0.105690253436992,0.114019531656471,0.0450140412365026,0.057165818154704,0.0864867338772911,0.0694552947000447,0.0737270977734237,0.0282202067289279,0.203530278708636,0.0107456932501341,0.0650868306533383,0.0629978478177106,0.0327717759477949,0.068698101811509,0.107254668814226,0.133180039418435,0.0431953763141616,0.109216166868608,0.201634012590469,0.0974542838544959,0.0181924580133229,0.0280525722204971,0.681734036289017,0.0758975346259362
2016,"Amenazas",0.719636360812214,76294,1041,1128,3595,20,406,2406,9914,3299,470,1972,5415,1226,2486,8821,0,1082,3641,115,4581,1116,2054,1710,549,1971,532,1766,3426,2561,33,1874,6619,465,0.761292134338444,1.51038995644239,1.02990624272154,0.0216591094423971,0.0744492816102756,0.657773510482001,1.07797942683766,1.08024671145265,0.645122326173848,1.09148794381826,0.896143504763462,0.338576294964575,0.836599301241034,1.08436310539663,0,0.229580929930075,1.86194408235715,0.0950580556742633,0.849466584680748,0.272502318467306,0.320539179984622,0.788414457031412,0.33840697229316,0.703747607758005,0.175419390833084,0.60462617771148,1.40121323962464,0.727639711228467,0.025014629768319,0.227578010135115,3.01429364475418,0.286929704073661
2016,"Contra el medio ambiente",0.00614828106608479,1449,4,0,28,3,32,32,726,26,0,0,5,0,0,126,310,91,6,3,0,0,12,4,12,18,0,2,0,0,1,6,1,1,0.0029252339455848,0,0.00802152289185068,0.00324886641635956,0.0058679236737163,0.00874844236717541,0.0789401920399581,0.00851361457949948,0,0,0.000827463993318063,0,0,0.0154891453667356,0.0185213940921891,0.0193085624987402,0.00306829565892416,0.00247977536541557,0,0,0.00187267291130256,0.00184424434393313,0.00739687371132591,0.00642691879231055,0,0.000684740858110396,0,0,0.000758019083888456,0.000728638239493431,0.000455400157841695,0.000617053127040132
2016,"Corrupción de menores",0.0163269991324018,1873,64,25,266,6,49,117,165,44,5,0,146,3,19,203,115,19,29,25,190,12,32,0,43,34,70,63,25,29,0,23,20,32,0.0468037431293568,0.0334749547083863,0.0762044674725814,0.00649773283271912,0.00898525812537809,0.0319864924049851,0.0179409527363541,0.0144076554422299,0.00686300346993455,0,0.0241619486048874,0.000828490118184115,0.00639396087030557,0.024954734201963,0.0068708397438766,0.00403145810413256,0.0148300956848001,0.0206647947117964,0.0352321875331461,0.0029301324566377,0.00499379443014017,0,0.0265054641322512,0.0121397354965866,0.0230814987938268,0.0215693370304775,0.0102248485086445,0.00823957501976788,0,0.00279311325139149,0.00910800315683389,0.0197457000652842
2016,"Daño a la propiedad",1.10598534914327,123083,1577,2080,8862,215,1437,6390,10182,8313,439,2814,9057,1770,2892,8612,10891,1615,2602,119,9264,2177,2228,3862,2839,3713,1741,2571,2885,3879,155,2811,3404,1687,1.15327348304681,2.78511623173774,2.53881199527074,0.232835426505768,0.263506447472823,1.74695458519534,1.10711988340338,2.72206453843766,0.602571704660254,1.55752894214228,1.49886827749634,0.488809169728628,0.973228149311774,1.05867079284387,0.650698396961392,0.342673938851268,1.33061755075345,0.0983644228281507,1.71784729108982,0.531574863175023,0.347692937198509,1.78061791406743,1.74997703887119,1.32573052643606,0.574069848572178,0.880234373100914,1.17994751789757,1.10211418971309,0.117492958002711,0.341367015202673,1.55018213729313,1.0409686253167
2016,"Delitos cometidos por servidores públicos",0.0858282448921877,13491,30,304,1397,15,244,494,3323,114,20,202,0,103,1,1189,2774,404,47,6,1275,233,41,0,0,310,486,129,14,1,0,199,6,130,0.021939254591886,0.407055449253977,0.400216695711264,0.0162443320817978,0.0447429180120868,0.13505407904327,0.361319914805483,0.0373289254639593,0.0274520138797382,0.111805560167996,0,0.028444827390988,0.000336524256331872,0.146163443182926,0.165736603908815,0.0857215302141871,0.0240349826615726,0.00495955073083113,0.236426521604007,0.0568934051997154,0.00639829911361709,0,0,0.110685823645348,0.160251548768569,0.0441657853481205,0.00572591516484092,0.00028412327654372,0,0.0241665016098655,0.00273240094705017,0.0802169065152172
2016,"Despojo",0.176060343663543,21806,135,360,1062,8,288,629,3366,412,73,499,887,399,714,1787,2994,351,1020,110,845,476,853,511,323,305,341,468,489,571,52,835,413,230,0.0987266456634869,0.482039347800762,0.304244903969479,0.00866364377695882,0.0528113130634467,0.171961570279792,0.365995435821624,0.134908046413607,0.100199850661044,0.276192943187278,0.146792112414624,0.110189185718487,0.240278319020957,0.219675418812354,0.178880819071013,0.0744758839237121,0.521610262017108,0.090925096731904,0.156690518239518,0.116228587446629,0.133115832778424,0.235602214937457,0.199099184063189,0.108900568425262,0.112439872695642,0.160229360797833,0.199998036829086,0.162234390906464,0.0394169923621997,0.101402154996169,0.18808026518862,0.14192221921923
2016,"Electorales",0.0041239899198903,473,15,0,26,0,5,13,108,0,1,1,3,4,9,0,86,1,4,0,0,31,13,7,1,1,27,1,3,34,5,0,0,74,0.010969627295943,0,0.0074485569710042,0,0.000916863074018173,0.00355405471166501,0.0117431690637954,0,0.00137260069398691,0.000553492872118793,0.000496478395990838,0.00110465349091215,0.00302871830698685,0,0.00513819319976859,0.000212182005480661,0.00204553043928278,0,0,0.00756950884631406,0.00202872898724444,0.00322742760188297,0.000616406142610492,0.000357051044017253,0.00890286382047606,0.000342370429055198,0.00122698182103734,0.00966019140248648,0.00379009541944228,0,0,0.0456619314009698
2016,"Evasión de presos",0.00139426029562541,153,0,1,5,1,5,4,14,0,0,5,7,7,1,9,14,6,6,3,13,1,7,0,15,1,3,4,6,11,0,3,0,1,0,0.00133899818833545,0.00143241480211619,0.00108295547211985,0.000916863074018173,0.00109355529589693,0.00152226265641792,0,0,0.00276746436059396,0.00115844959064529,0.00193314360909627,0.000336524256331872,0.0011063675261954,0.000836450055776282,0.00127309203288397,0.00306829565892416,0.00247977536541557,0.00241062335753105,0.000244177704719809,0.00109239253159316,0,0.00924609213915738,0.000357051044017253,0.000989207091164007,0.00136948171622079,0.00245396364207468,0.00312535604198092,0,0.000364319119746716,0,0.000617053127040132
2016,"Extorsión",0.0425055949751113,5739,70,139,175,18,164,23,608,24,67,49,4,199,80,675,1452,18,67,5,626,53,122,11,41,218,104,142,148,107,0,192,57,81,0.051191594047734,0.186120748178628,0.0501345180740667,0.0194931984981574,0.0300731088277961,0.00628794295140732,0.0661096925072927,0.00785872115030721,0.091964246497123,0.0271211507338209,0.00066197119465445,0.0549565111728797,0.0269219405065498,0.0829775644646552,0.0867518200705115,0.0038192760986519,0.0342626348579865,0.00413295894235927,0.116080786293418,0.0129414183501499,0.0190388412649094,0.0050716719458161,0.0252726518470302,0.0778371275957611,0.0342925124936856,0.0486166009258381,0.0605311031711754,0.030401190590178,0,0.0233164236637898,0.0259578089969766,0.0499813032902507
2016,"Falsedad",0.0240676228297268,2775,56,90,130,0,17,191,583,29,9,10,169,48,117,244,115,8,74,9,166,23,105,95,7,46,51,77,32,113,8,76,47,30,0.0409532752381872,0.120509836950191,0.037242784855021,0,0.00311733445166179,0.0522172653790782,0.0633913663351179,0.00949595472328788,0.0123534062458822,0.00553492872118793,0.0279682829741505,0.0132558418909458,0.039373337990829,0.0299948529324087,0.0068708397438766,0.00169745604384529,0.0378423131267314,0.0074393260962467,0.0307818059500118,0.0056160872085556,0.0163858879738974,0.0438008031684118,0.00431484299827345,0.0164243480247936,0.0168165205497881,0.0263625230372502,0.013087806091065,0.0321059302494403,0.00606415267110765,0.00922941770025013,0.0214038074185597,0.018511593811204
2016,"Falsificación",0.0966246845865824,15099,237,128,582,5,141,430,5542,351,36,65,846,100,132,1481,1549,140,298,22,584,193,301,556,73,118,253,78,82,251,16,246,144,119,0.173320111275899,0.171391768106938,0.166733082966325,0.00541477736059926,0.0258555386873125,0.11755719430892,0.602598545847724,0.114933796823243,0.0494136249835288,0.0359770366877215,0.140006907669416,0.0276163372728038,0.0444212018358071,0.18205892292171,0.0925472240283901,0.0297054807672926,0.152392017726567,0.0181850193463808,0.108292618522933,0.047126297010923,0.046972878858506,0.256349963806705,0.0449976484105659,0.0421320231940358,0.0834231313548312,0.0267048934663054,0.0335375031083539,0.0713149424124737,0.0121283053422153,0.0298741678192307,0.065577622729204,0.0734293221177757
2016,"Feminicidio",0.00534900619724159,608,0,0,12,3,32,0,46,13,22,2,14,21,22,48,57,26,30,0,3,67,12,1,0,8,39,30,27,1,2,58,1,11,0,0,0.00343779552507886,0.00324886641635956,0.0058679236737163,0,0.00500172015680175,0.00425680728974974,0.030197215267712,0.00110698574423759,0.00231689918129058,0.00579943082728881,0.00740353363930119,0.00590062680637548,0.00340554665566058,0.00551673214249719,0.0153414782946208,0,0.00055629769789178,0.0163599062162272,0.00187267291130256,0.000461061085983282,0,0.00285640835213802,0.0128596921851321,0.0102711128716559,0.0110428363893361,0.00028412327654372,0.00151603816777691,0.00704350298176984,0.000455400157841695,0.00678758439744145
2016,"Fraude",0.480010328081876,60290,557,802,1519,6,488,2248,11472,1121,177,2227,2213,618,1207,6914,4693,591,1679,282,5911,1068,2852,1692,676,1011,668,852,989,1412,250,1532,1742,821,0.407338826922683,1.07387654704503,0.435167616882899,0.00649773283271912,0.0894858360241736,0.614578076294072,1.2473855138876,0.367067767062266,0.242950322835683,1.23262862620855,0.366235563442575,0.170668964345928,0.40618477739257,0.849936119568335,0.280390007982721,0.125399565239071,0.858611401888945,0.233098884349063,1.09609189741277,0.260781788640756,0.445071928586243,0.780115357483713,0.416690552404693,0.360978605501443,0.220263445632519,0.291699605555029,0.404495007001976,0.401182066479732,0.189504770972114,0.186045630483989,0.793307074960232,0.506600617299948
2016,"Homicidio",0.310037461644062,35410,233,272,1503,167,1480,1547,1594,476,597,464,2572,2844,653,2027,2899,2355,833,84,1171,1541,1206,421,278,500,1516,1068,699,1513,361,1817,110,609,0.170394877330314,0.364207507227243,0.430583889516127,0.180853563844015,0.271391469909379,0.422932510688136,0.173320476737869,0.15586463614776,0.819442614310186,0.25682069266312,0.425647478162812,0.785408632038541,0.219750339384713,0.249178552844231,0.173204907978246,0.499688622906957,0.425981713980638,0.0694337102316358,0.217141534743758,0.376277842973225,0.188203627585908,0.194106717198962,0.171360907645717,0.178525522008626,0.499879316734878,0.365651618230951,0.2858867643017,0.429878517410648,0.273644889283733,0.220655946859927,0.0500940173625864,0.37578535436744
2016,"Hostigamiento sexual",0.00860016076588027,930,6,8,90,0,31,116,0,1,1,36,18,8,52,119,64,51,77,0,26,26,24,0,4,28,0,13,75,34,0,0,11,11,0.0043878509183772,0.0107119855066836,0.0257834664380915,0,0.00568455105891267,0.0317131035810108,0,0.000327446714596134,0.00137260069398691,0.0199257433962765,0.00297887037594503,0.00220930698182431,0.0174992613292574,0.0146286372908059,0.00382377168354872,0.0108212822795137,0.0393764609561934,0,0.00482124671506209,0.00634862032271502,0.00374534582260513,0,0.00246562457044197,0.00999742923248308,0,0.00445081557771757,0.0306745455259335,0.00966019140248648,0,0,0.00500940173625864,0.00678758439744145
2016,"Incesto",0.000581934356339634,73,2,0,2,0,1,0,0,0,0,0,2,0,24,31,1,0,1,0,2,1,0,0,2,0,0,0,1,1,0,0,1,1,0.0014626169727924,0,0.000572965920846477,0,0.000183372614803635,0,0,0,0,0,0.000330985597327225,0,0.00807658215196493,0.0038108214791175,5.97464325554487e-05,0,0.000511382609820694,0,0.000370865131927853,0.000244177704719809,0,0,0.00123281228522098,0,0,0,0.00040899394034578,0.00028412327654372,0,0,0.000455400157841695,0.000617053127040132
2016,"Incumplimiento de obligaciones de asistencia familiar",0.273008189344346,25597,101,833,1514,18,506,1626,1035,301,142,119,1134,769,731,0,2724,58,307,530,578,83,14,829,661,357,247,2769,2060,2785,195,1179,1185,207,0.0738621571260162,1.11538549088343,0.433735202080783,0.0194931984981574,0.0927865430906391,0.4445302277821,0.112538703528039,0.0985614610934363,0.194909298546141,0.0658656517821364,0.187668833684537,0.212369633627862,0.245999231378599,0,0.162749282281042,0.0123065563178784,0.156994461214953,0.438093647890083,0.10718002312715,0.0202667494917441,0.00218478506318632,0.382219640280141,0.407444460265535,0.127467222714159,0.0814447171725032,0.948023718053843,0.842527517112306,0.79128332517426,0.147813721358249,0.143177414060459,0.539649187042408,0.127729997297307
2016,"Lesiones",1.45134729348818,197484,2771,1983,12394,181,1818,4362,10668,5665,427,4714,10763,3674,4337,13329,55623,4789,4962,304,8507,4440,5472,4356,1866,4180,2145,3405,6031,4291,292,4241,3683,1811,2.02645581580387,2.6552334074692,3.55066981148562,0.196014940453693,0.333371413713008,1.1925220501756,1.15996414419046,1.8549856381871,0.586100496332411,2.60916539916799,1.78119899201646,1.01462423140281,1.45950569971133,1.63853030629539,3.32327581803172,1.01613962424689,2.53748050993028,0.251283903695444,1.57747483865512,1.08414900895595,0.853938847553969,2.00838209054318,1.15021386211118,1.49247336399212,0.707283070182265,1.16577131093295,2.4666424542254,1.2191729796491,0.221341572495429,0.515025795615274,1.67723878133096,1.11748321306968
2016,"Narcomenudeo",0.296871517469858,30032,717,462,1763,66,436,4791,1405,2488,527,610,3684,416,187,2245,766,1101,843,188,1611,324,518,826,582,224,386,1838,56,477,50,59,270,116,0.524348184746075,0.618617163010978,0.505069459226169,0.0714750611599103,0.0799504600543847,1.30980585566054,0.152769930876227,0.814687425915181,0.723360565731102,0.337630651992464,0.609675470276749,0.114883963054864,0.0629300359340601,0.275977232923186,0.0457657673374737,0.233612388034208,0.431095540078845,0.155399256232709,0.298731863767886,0.079113576329218,0.080837047337894,0.380836457022191,0.358748374999307,0.0799794338598646,0.127277979063102,0.629276848603454,0.0229036606593637,0.135526802911354,0.0379009541944228,0.00716494268835207,0.122958042617258,0.0715781627366553
2016,"Otros delitos contra el patrimonio",0.0697156653851997,6556,0,79,397,29,1,333,0,1152,26,157,0,191,0,0,141,2,172,10,90,1932,0,28,12,9,61,0,13,0,18,295,1389,19,0,0.105780856878501,0.113733735288026,0.0314057086914757,0.000183372614803635,0.0910384783834191,0,0.377218615214746,0.0356876180436597,0.0868983809226505,0,0.0527472041910553,0,0,0.00842424699031827,0.000424364010961322,0.0879578088891594,0.00826591788471855,0.0166889309367534,0.47175132551867,0,0.0129097104075319,0.00739687371132591,0.00321345939615527,0.0201138775203348,0,0.00531692122449514,0,0.0136443435099922,0.0358247134417604,0.632550819242114,0.0117240094137625
2016,"Otros delitos contra la familia",0.0821065885238592,10753,81,188,356,7,2,2,887,341,0,237,0,115,1,1978,16,60,341,17,3644,144,33,112,9,5,30,13,1,834,7,721,511,60,0.0592359873980922,0.251731659407065,0.101987933910673,0.00758068830483897,0.000366745229607269,0.000546777647948463,0.0964462125887642,0.111659329677282,0,0.131177810692154,0,0.0317587878637244,0.000336524256331872,0.243154996312723,0.00095594292088718,0.0127309203288397,0.174381469948857,0.0140520604040215,0.675716270372549,0.0351615894796524,0.00514985050608205,0.0516388416301276,0.00554765528349443,0.00178525522008626,0.00989207091164007,0.00445081557771757,0.00040899394034578,0.236958812637462,0.00530613358721919,0.087558028445794,0.232709480657106,0.0370231876224079
2016,"Otros delitos contra la sociedad",0.0274257900373966,3225,0,0,5,1,17,20,55,1,9,52,0,0,0,0,725,7,4,0,2,122,826,124,6,0,116,0,19,0,0,6,1102,6,0,0,0.00143241480211619,0.00108295547211985,0.00311733445166179,0.00546777647948463,0.0059803175787847,0.000327446714596134,0.0123534062458822,0.0287816293501772,0,0,0,0,0.0433161636027003,0.00148527403836463,0.00204553043928278,0,0.000370865131927853,0.0297896799758166,0.128902318727993,0.057171574661927,0.00369843685566295,0,0.0382493408583416,0,0.00777088486656982,0,0,0.000728638239493431,0.501850973941548,0.00370231876224079
2016,"Otros delitos del Fuero Común",1.30611132226097,196888,2996,1147,8673,57,2018,2867,10543,7626,1424,1130,20165,8851,2150,11026,70838,1454,1744,290,2695,2327,4002,2561,929,1902,173,2626,11401,4722,447,2158,4599,1347,2.19100022524301,1.53583092202076,2.48466671575075,0.0617284619108316,0.370045936673734,0.783805758334122,1.14637251332958,2.49710864551012,1.95458338823736,0.625446945494236,3.33716228505175,2.44432201201587,0.723527151113525,1.3554231493145,4.23231778936288,0.308512635968881,0.89185127152729,0.239711618656838,0.499740765272782,0.568201518882994,0.624536415919405,1.18077744120319,0.572641306485147,0.679111085720815,0.0570442755904577,0.89906474669895,4.66293991388224,1.34163011183945,0.33883453049814,0.262066886804471,2.09438532591395,0.831170562123058
2016,"Otros delitos que atentan contra la libertad personal",0.101613436806955,13037,22,77,594,1,92,570,699,62,49,66,0,254,1379,515,1830,252,226,7,2288,147,735,26,162,279,751,190,474,602,0,323,134,231,0.0160887867007164,0.10310286050183,0.170170878491404,0.00108295547211985,0.0168702805619344,0.155831629665312,0.0760043997740092,0.0203016963049603,0.0672574340053586,0.0365305295598403,0,0.0701454966729218,0.464066949481652,0.0633088084434036,0.109335971576471,0.0534698653811266,0.115572469819477,0.00578614251930298,0.424269710925464,0.0358941225938119,0.114701215817282,0.0119875882355653,0.0998577951028998,0.0996172412808135,0.247631508488056,0.0650503815204876,0.1938631277239,0.171042212479319,0,0.039225025226063,0.0610236211507871,0.14253927234627
2016,"Otros delitos que atentan contra la libertad y la seguridad sexual",0.0449476681184594,4293,244,45,276,36,56,71,15,76,32,182,0,80,53,226,99,33,119,70,424,109,555,45,35,47,63,108,363,325,1,358,19,128,0.178439270680673,0.0602549184750953,0.0790692970768138,0.0389863969963147,0.0102688664290035,0.0194106065021704,0.00163099570330492,0.0248859503093062,0.0439232222075812,0.10073570272562,0,0.0220930698182431,0.0178357855855892,0.0277821178800179,0.00591489682298942,0.00700200618086182,0.0608545305686626,0.0578614251930299,0.0786234079687049,0.0266153698144591,0.0866111221477436,0.0207477488692477,0.0215742149913672,0.0167813990688109,0.0207733489144441,0.0369760063379614,0.148464800345518,0.092340064876709,0.000758019083888456,0.0434754149564414,0.0086526029989922,0.0789828002611369
2016,"Otros delitos que atentan contra la vida y la integridad corporal",0.0424480591758774,3915,0,31,659,13,0,217,0,9,0,26,0,0,292,0,407,53,268,2,31,233,57,626,14,75,401,4,103,1,16,0,319,58,0,0.041508943838399,0.188792270918914,0.0140784211375581,0,0.0593253748024082,0,0.0029470204313652,0,0.0143908146750886,0,0,0.0982650828489067,0,0.0243167980500676,0.011245646290475,0.137050539431946,0.00165318357694371,0.00574840954488173,0.0568934051997154,0.00889519632868718,0.288624239825534,0.00862968599654689,0.026778828301294,0.132224014518922,0.00136948171622079,0.0421263758556153,0.00028412327654372,0.0121283053422153,0,0.145272650351501,0.0357890813683277
2016,"Rapto",0.00197037484558641,254,0,1,0,0,15,0,4,4,0,1,0,0,1,0,0,0,1,0,154,0,1,0,0,0,45,16,0,0,0,0,0,11,0,0.00133899818833545,0,0,0.00275058922205452,0,0.000434932187547978,0.00130978685838454,0,0.000553492872118793,0,0,0.000336524256331872,0,0,0,0.000511382609820694,0,0.0285566151584447,0,0.00015605607594188,0,0,0,0.0148381063674601,0.00547792686488317,0,0,0,0,0,0.00678758439744145
2016,"Robo",5.49278004565562,690048,11412,11365,48708,1091,8996,13475,81555,10628,7779,9835,35063,11613,11403,58804,149203,16313,19641,795,19000,9919,21691,22119,7102,7854,8628,16021,23178,15541,4703,16902,2664,7047,8.34569244675343,15.2177144104324,13.9540120362951,1.18150442008276,1.6496200427735,3.68391440305277,8.86772363886885,3.48010368272771,10.6774607985242,5.44360239728833,5.80267399954225,3.20708524749071,3.83738609495234,7.22875955671049,8.91434697657062,3.46132505540603,10.0440658394882,0.657140471835125,3.52321875331461,2.42199865311578,3.38501234325533,10.1982101608642,4.37771642481972,2.8042788997115,2.84495959418768,5.48511664389333,9.47966154933449,4.41555984076595,3.56496375152741,2.052573920653,1.21318602049027,4.34837338625181
2016,"Secuestro",0.00866483306929013,1128,2,0,14,6,15,9,46,21,4,11,8,72,14,16,254,25,41,3,27,28,32,12,8,26,14,5,85,155,5,132,1,37,0.0014626169727924,0,0.00401076144592534,0.00649773283271912,0.00275058922205452,0.00246049941576808,0.00500172015680175,0.00687638100651881,0.00549040277594764,0.00608842159330672,0.0013239423893089,0.0198837628364188,0.00471133958864621,0.00196687560212516,0.015175593869084,0.00530455013701653,0.0209666870026485,0.00247977536541557,0.00500667928102602,0.00683697573215464,0.00499379443014017,0.00553273303179938,0.00493124914088394,0.00928332714444857,0.00461629975876536,0.00171185214527599,0.0347644849293913,0.0440391078642766,0.00379009541944228,0.0160300412688555,0.000455400157841695,0.0228309657004849
2016,"Tráfico de menores",0.00203100029529876,203,1,0,1,0,7,0,5,1,0,0,7,0,0,4,1,2,0,0,1,0,0,0,1,2,1,165,3,0,0,1,0,0,0.0007313084863962,0,0.000286482960423238,0,0.00128360830362544,0,0.000543665234434973,0.000327446714596134,0,0,0.00115844959064529,0,0,0.00049171890053129,5.97464325554487e-05,0.000424364010961322,0,0,0.000185432565963927,0,0,0,0.000616406142610492,0.000714102088034505,0.000329735697054669,0.0564911207941077,0.00122698182103734,0,0,0.000121439706582239,0,0
2016,"Trata de personas",0.00283997050626562,383,2,2,19,4,77,28,29,5,0,0,9,4,8,2,72,6,12,0,6,24,18,8,3,3,14,0,13,6,4,2,0,3,0.0014626169727924,0.0026779963766709,0.00544317624804153,0.00433182188847941,0.0141196913398799,0.00765488707127848,0.00315325835972284,0.00163723357298067,0,0,0.00148943518797251,0.00110465349091215,0.00269219405065498,0.000245859450265645,0.00430174314399231,0.00127309203288397,0.00613659131784833,0,0.00111259539578356,0.0058602649132754,0.00280900936695385,0.00368848868786626,0.00184921842783148,0.00107115313205176,0.00461629975876536,0,0.00531692122449514,0.00170473965926232,0.00303207633555382,0.000242879413164477,0,0.0018511593811204
2016,"Violación",0.121735216192483,13549,144,191,989,151,729,908,569,238,109,172,450,261,450,492,2148,307,386,89,911,451,649,334,255,335,191,267,254,506,42,128,221,222,0.105308422041053,0.255748653972071,0.283331647858583,0.163526276290098,0.13367863619185,0.248237052168602,0.0618691036786999,0.0779323180738798,0.149613475644573,0.0952007740044324,0.0744717593986256,0.072078640282018,0.151435915349342,0.0604814247653487,0.128335337129104,0.065139875682563,0.197393687390788,0.0735666691739951,0.168929067593137,0.110124144828634,0.10128039328628,0.153994402718416,0.157183566365676,0.11961209974578,0.0629795181374418,0.0914129045577379,0.103884460847828,0.143766377931122,0.0318368015233152,0.0155442824425265,0.100643434883015,0.136985794202909
2016,"Violencia de género en todas sus modalidades distinta a la violencia familiar",0.00593388534120777,1893,4,1,0,0,0,0,0,25,0,0,0,33,0,0,1274,0,0,0,0,2,0,2,48,0,0,0,0,0,0,504,0,0,0.0029252339455848,0.00133899818833545,0,0,0,0,0,0.00818616786490334,0,0,0,0.00911339130002527,0,0,0.0761169550756417,0,0,0,0,0.000488355409439617,0,0.000922122171966564,0.0295874948453036,0,0,0,0,0,0,0.0612056121174482,0,0
2016,"Violencia familiar",1.2965431134979,154272,645,2099,8315,43,1964,11960,18426,6885,582,5272,11133,2183,3078,11431,5474,787,4516,476,17773,3353,5586,965,1524,3930,2371,3595,5406,6378,6,4771,2270,1075,0.471693973725549,2.81055719731611,2.38210581591923,0.0465670853011537,0.360143815474338,3.26973033473181,2.00351512193976,2.25447062999438,0.798853603900382,2.91801442181028,1.842431327522,0.602864642665308,1.0358216609895,1.40520968799329,0.327051971808526,0.16698723831328,2.30940386595025,0.393457691312603,3.29569299487687,0.818727843925518,0.871729240211344,0.444923947973867,0.93940296133839,1.4032106029878,0.78180333771662,1.23082169245344,2.21102124150929,1.81213825779585,0.00454811450333074,0.57938884010386,1.03375835830065,0.663332111568142
2017,"Aborto",0.00435095594394766,545,4,14,73,2,11,13,84,3,5,1,28,2,11,29,72,11,22,0,28,15,9,12,5,7,9,2,3,32,4,33,0,1,0.00287775788127954,0.0183391538314422,0.0203811270763273,0.00215519331545241,0.00199367642087959,0.00351767863516234,0.00908426499320086,0.000970950142681123,0.00682627405578977,0.00054939560988956,0.00459103999517285,0.000553017971148499,0.00365185110672668,0.0035241121576644,0.00426791530061269,0.0023205918775065,0.0111799411528552,0,0.00506916421973885,0.00363825111694309,0.00138845456830093,0.00537248562076609,0.00295193889250337,0.0024834257936408,0.0029572373619997,0.000680190671048908,0.00122695321750077,0.00904546078990617,0.00300323749001424,0.0040151338913315,0,0.000614715048839111
2017,"Abuso de confianza",0.216054605521917,24424,708,270,633,0,233,766,3683,525,522,812,917,292,959,2187,3256,407,749,37,1267,199,770,635,479,375,196,388,561,758,31,707,779,323,0.509363144986478,0.353683681034957,0.176729499168701,0,0.0422296914604495,0.207272448810335,0.398301761547128,0.169916274969197,0.712663011424452,0.446109235230323,0.150356559841911,0.0807406237876809,0.318375019213717,0.26576666513145,0.193004614149929,0.0858618994677406,0.380626178340389,0.0303363978561186,0.229379680943183,0.0482674648181117,0.118790001954635,0.284294030765539,0.282795745901823,0.133040667516471,0.0644020581057712,0.131956990183488,0.229440251672644,0.214264352460902,0.0232750905476103,0.0860212018536778,0.347930172781499,0.198552960775033
2017,"Abuso sexual",0.131891244163377,15899,0,232,1111,51,213,1182,1526,490,184,273,968,209,442,2321,1703,270,453,0,1007,383,0,358,312,368,214,362,149,437,27,91,421,142,0,0.303905977778185,0.310184002490406,0.0549574295440365,0.0386048252406685,0.319838165135529,0.165030814043149,0.158588523304584,0.251206885253064,0.14998500149985,0.15871881126169,0.0577903779850182,0.146738017197563,0.282050493722037,0.10094805217977,0.0569599824478869,0.230205151920155,0,0.182308870331322,0.0928966785192803,0,0.160279154352855,0.184200986892211,0.130557241722831,0.0703165328297706,0.123114511459852,0.0609386764692049,0.123527073912156,0.0202718530575961,0.0110720358821566,0.188034149860091,0.0872895369351537
2017,"Acoso sexual",0.0113047802663983,1700,0,17,0,0,0,0,208,158,0,1,161,25,7,172,271,0,16,3,58,49,63,44,68,135,7,6,0,61,0,170,0,0,0,0.0222689725096084,0,0,0,0,0.0224943704593545,0.0511367075145392,0,0.00054939560988956,0.0263984799722439,0.00691272463935624,0.00232390524973516,0.0209016307282165,0.016063958978695,0,0.0081308662929856,0.00245970793427988,0.0105004115980305,0.0118849536486808,0.00971918197810654,0.019699113942809,0.0401463689380459,0.0478946403059297,0.00230007350377754,0.00204057201314673,0,0.0172429096307586,0,0.0206840230765562,0,0
2017,"Allanamiento de morada",0.130181505711197,13096,405,160,2261,38,128,542,772,564,207,196,336,159,309,473,1542,236,369,5,477,231,140,172,171,322,76,165,477,277,31,330,1410,115,0.291372985479553,0.209590329502197,0.63125655232296,0.0409486729935958,0.0231991438065989,0.146660140019845,0.0834887211279889,0.182538626824051,0.282607745909697,0.107681539538354,0.0550924799420742,0.0439649287063057,0.102583817452595,0.0574794845025953,0.0914045193547884,0.0497872439174122,0.18751810388198,0.00409951322379981,0.0863568333148369,0.0560290672009236,0.0215981821735701,0.0770056272309806,0.100956310123615,0.114237586507477,0.0249722266124419,0.0561157303615349,0.195085561582622,0.0782997699626253,0.0232750905476103,0.040151338913315,0.629758079103868,0.0706922306164977
2017,"Amenazas",0.831849552518037,82682,2308,1136,3328,44,504,2782,9304,2886,2272,2001,7080,1457,3452,9851,0,2081,3841,53,5280,1407,549,2665,919,1939,307,901,3964,2347,29,3132,4298,565,1.66046629749829,1.4880913394656,0.929156039863251,0.0474142529399531,0.0913466287384831,0.75278322792474,1.00619049400882,0.934054037259241,3.10185893095087,1.09934061538901,1.16087725592228,0.402873591981682,1.14601727458368,1.19710444362593,0,0.439013790644639,1.95191608945986,0.0434548401722779,0.955899538579327,0.341267954769262,0.084695728666357,1.19313951494514,0.54256636844212,0.687908944838501,0.100874652237101,0.306425897307533,1.62121418472435,0.663428014809681,0.0217734718026032,0.381072707504553,1.91964554892796,0.347314002594098
2017,"Contra el medio ambiente",0.00783967074087024,1807,1,0,22,2,23,30,972,21,3,0,8,0,0,32,352,68,7,0,0,0,24,2,36,52,0,0,0,22,1,123,2,4,0.000719439470319884,0,0.00614225747505755,0.00215519331545241,0.00416859615274824,0.0081177199272977,0.105117923492753,0.00679665099876786,0.00409576443347386,0,0.00131172571290653,0,0,0.00388867548431934,0.0208653636918843,0.0143454770609493,0.0035572540031812,0,0,0,0.00370254551546916,0.000895414270127682,0.0212539600260243,0.0184483058956174,0,0,0,0.00621875429306049,0.000750809372503559,0.0149654990495083,0.000893273871069316,0.00245886019535644
2017,"Corrupción de menores",0.0167755569206032,1851,62,36,257,8,128,138,126,42,20,0,151,2,23,195,87,20,41,15,162,16,26,0,33,38,34,39,29,58,0,21,12,32,0.0446052471598328,0.0471578241379943,0.0717527350495359,0.00862077326180965,0.0231991438065989,0.0373415116655694,0.0136263974898013,0.0135933019975357,0.0273050962231591,0,0.0247588228311107,0.000553017971148499,0.00763568867770123,0.023696616232571,0.00515706432157367,0.00421925795910273,0.0208353448757756,0.0122985396713994,0.0293287358427748,0.00388080119140597,0.00401109097509159,0,0.0194827966905223,0.0134814543083358,0.0111717855897766,0.0132637180854537,0.0118605477691741,0.0163948976817049,0,0.00255508520357459,0.00535964322641589,0.0196708815628515
2017,"Daño a la propiedad",1.22124606213671,129390,3348,1958,7310,128,1561,6960,10826,7619,2533,3154,9220,1809,3391,9526,11720,2425,2747,77,9330,1984,796,5200,3397,4030,1401,1527,2975,4012,141,4614,2011,1660,2.40868334663097,2.56486165728313,2.04090464284867,0.137932372188954,0.282920808453913,1.88331102313307,1.17078872400467,2.46588971236249,3.4581904366631,1.73279375359167,1.51176388412477,0.500204754903818,1.12576610026456,1.15761008323831,0.69472176837751,0.511585027541206,1.39596810667697,0.063132503646517,1.6891179346487,0.48121934773434,0.122801092929727,2.32807710233197,2.00554728356679,1.42974370691035,0.460343282684619,0.519325577345842,1.21672860735493,1.13407464653449,0.105864121523002,0.561388720442531,0.898186877360197,1.02042698107292
2017,"Delitos cometidos por servidores públicos",0.0959898871341899,15164,46,275,1048,22,323,749,2916,60,1,152,0,115,251,1241,2966,458,55,7,2346,262,51,1,1,488,212,98,181,296,0,314,5,224,0.0330942156347147,0.360233378831901,0.292594810630014,0.0237071264699765,0.0585415894494644,0.202672407518199,0.315353770478258,0.0194190028536225,0.00136525481115795,0.0835081327032132,0,0.0317985333410387,0.0833286025262178,0.150807696126259,0.175814399744684,0.0966210072634526,0.027949852882138,0.00573931851331973,0.424723544982405,0.0635481195092727,0.00786790922037196,0.000447707135063841,0.000590387778500675,0.173130255328101,0.0696593689715484,0.0333293428813965,0.0740261774558798,0.0836705123066321,0,0.0382046073296391,0.00223318467767329,0.137696170939961
2017,"Despojo",0.207096389122497,24702,279,383,1139,6,391,780,3427,435,385,536,842,428,1099,1984,3514,595,1120,63,832,391,935,597,516,442,268,370,490,569,36,1296,292,262,0.200723612219248,0.501706851245884,0.318001421095025,0.00646557994635724,0.07086613459672,0.21106071810974,0.37061638252023,0.140787770688763,0.525623102295812,0.294476046900804,0.138059131283412,0.118345845825779,0.36485312420842,0.241097880027799,0.208297977310458,0.125522924283306,0.569160640508992,0.0516538666198776,0.150626593957955,0.0948370791149833,0.144245002373486,0.267281159633113,0.304640093706348,0.156810600112748,0.0880599570017688,0.125835274144048,0.200402358858459,0.160839599670519,0.0270291374101281,0.157685258277746,0.13041798517612,0.161055342795847
2017,"Electorales",0.0047255217793355,1351,2,0,0,0,7,22,621,0,1,4,6,1,0,0,575,0,2,0,1,5,3,2,1,2,6,1,7,0,0,49,0,33,0.00143887894063977,0,0,0,0.00126870317692338,0.00595299461335165,0.0671586733425921,0,0.00136525481115795,0.00219758243955824,0.000983794284679896,0.00027650898557425,0,0,0.0340840458035041,0,0.0010163582866232,0,0.000181041579276388,0.00121275037231436,0.000462818189433645,0.000895414270127682,0.000590387778500675,0.000709550226754514,0.00197149157466646,0.000340095335524454,0.00286289084083513,0,0,0.00596186547500737,0,0.0202855966116907
2017,"Evasión de presos",0.000974512931128801,104,0,2,5,0,3,5,7,0,2,0,7,0,3,0,11,0,7,2,13,3,4,0,2,4,2,1,3,13,0,3,0,2,0,0.00261987911877746,0.00139596760796762,0,0.000543729932967161,0.00135295332121628,0.000757022082766738,0,0.00273050962231591,0,0.00114775999879321,0,0.000995959392743639,0,0.000652042615371383,0,0.0035572540031812,0.00163980528951992,0.00235354053059304,0.000727650223388619,0.00061709091924486,0,0.00118077555700135,0.00141910045350903,0.000657163858222155,0.000340095335524454,0.00122695321750077,0.00367471844589938,0,0.000365012171939227,0,0.00122943009767822
2017,"Extorsión",0.0484597568673228,6143,121,227,198,22,159,16,490,21,16,72,4,175,133,556,1385,21,43,1,678,80,115,18,77,151,51,35,258,182,8,609,33,188,0.087052175908706,0.297356279981242,0.0552803172755179,0.0237071264699765,0.0288176864472596,0.00432945062789211,0.0529915457936717,0.00679665099876786,0.0218440769785273,0.0395564839120484,0.000655862856453264,0.0483890724754937,0.044154199744968,0.0675657365400486,0.0820980929353969,0.00443022085705787,0.0218517031623988,0.000819902644759961,0.122746190749391,0.0194040059570298,0.0177413639282897,0.00805872843114913,0.045459858944552,0.0535710421199658,0.016757678384665,0.0119033367433559,0.105517976705066,0.0514460582425913,0.00600647498002847,0.0740974709036631,0.0147390188726437,0.115566429181753
2017,"Falsedad",0.0270196576476211,2953,73,50,119,0,44,201,380,37,71,15,178,41,133,218,104,48,80,4,221,207,84,79,19,25,53,36,44,99,4,172,41,73,0.0525190813333516,0.0654969779694365,0.0332240290696295,0,0.00797470568351837,0.0543887235128946,0.0410954844930515,0.0119750517597339,0.0969330915922148,0.00824093414834341,0.0291858971121703,0.0113368684085442,0.044154199744968,0.0264916017369255,0.00616476654532944,0.0101262191018466,0.040654331464928,0.00327961057903984,0.0400101890200817,0.0502078654138147,0.0129589093041421,0.0353688636700434,0.0112173677915128,0.00886937783443142,0.0174148422428871,0.0122434320788804,0.017995313856678,0.0279843943187722,0.00300323749001424,0.0209273645245157,0.018312114356921,0.0448741985652551
2017,"Falsificación",0.11044996546773,17875,358,271,431,6,248,479,7471,268,62,69,799,126,293,1429,2238,235,188,2,614,142,185,438,147,186,168,39,141,279,10,346,106,101,0.257559330374519,0.354993620594346,0.120332407806809,0.00646557994635724,0.0449483411252853,0.12961292817252,0.807958854335757,0.0867382127461804,0.0846457982917932,0.0379082970823797,0.13100860557654,0.0348401321823555,0.0972720340246288,0.173653664596636,0.132661033927378,0.0495762810194571,0.0955376789425808,0.00163980528951992,0.111159529675702,0.0344421105737279,0.0285404550150748,0.196095725157962,0.0867870034395992,0.0659881710881698,0.055201764090661,0.0132637180854537,0.0576668012225362,0.0788651112619944,0.00750809372503559,0.0420980704969908,0.0473435151666737,0.0620862199327502
2017,"Feminicidio",0.0058763992859272,746,0,0,11,1,29,11,37,9,4,9,12,21,22,27,70,29,27,5,43,57,27,1,4,18,82,32,28,6,4,100,9,11,0,0,0.00307112873752877,0.00107759665772621,0.00525605601868256,0.00297649730667582,0.00400140243748133,0.00291285042804337,0.00546101924463182,0.00494456048900604,0.00196758856935979,0.00580668869705924,0.00730370221345335,0.00328106993989444,0.00414936209781789,0.00611792404069896,0.0137208368694132,0.00409951322379981,0.00778478790888467,0.0138253542443838,0.0041653637049028,0.000447707135063841,0.0023615511140027,0.00638595204079062,0.0269437181871084,0.0108830507367825,0.0114515633633405,0.00169602389810741,0.00300323749001424,0.0121670723979742,0.00401973241981192,0.00676186553723022
2017,"Fraude",0.537673967249577,61609,1155,873,1384,10,545,2495,11897,1045,1549,2196,1981,638,1766,7423,5382,1227,1669,130,3343,527,2446,2034,966,1117,424,863,1047,1428,119,2012,1034,884,0.830952588219466,1.14357723534636,0.386403833885439,0.0107759665772621,0.0987776044890343,0.675123707286925,1.28661310266798,0.338214299700591,2.11477970248367,1.20647275931747,0.324816079658479,0.176412732796371,0.586288095861756,0.902051191253202,0.319026668720798,0.258851475790953,0.848150990187061,0.106587343818795,0.605221999520964,0.127823889241934,0.377351097118232,0.910636312719852,0.570314594031652,0.396283801642396,0.139318737943097,0.293502274557604,0.428206672907769,0.403653687749563,0.0893463153279235,0.244801496647242,0.461822591342836,0.543408103173774
2017,"Homicidio",0.374056021121726,41322,258,693,2430,142,1353,1908,1816,476,789,441,3366,2868,700,2109,3248,2246,828,289,1099,1662,1647,471,497,712,1839,1149,888,1618,317,2688,85,690,0.18561538334253,0.90778811465639,0.678440257472266,0.153018725397121,0.24522219976819,0.516286987376134,0.196393157472057,0.154057422638738,1.07718604600363,0.242283463961296,0.551908593705422,0.793027770626948,0.232390524973516,0.256288018638422,0.19253040133875,0.473822668807237,0.420772330662005,0.236951864335629,0.19896469562475,0.403118223757295,0.254087185999071,0.210870060615069,0.293422725914835,0.252599880724607,0.604262167635271,0.390769540517598,0.363178152380228,0.457361111189631,0.238006571083628,0.327050906057547,0.0379641395204459,0.424153383698986
2017,"Hostigamiento sexual",0.0106108634498984,1052,32,11,106,0,33,174,0,9,13,17,32,13,20,116,39,63,83,0,33,22,18,0,11,20,0,1,140,24,0,4,9,9,0.0230220630502363,0.014409335153276,0.0295945132889136,0,0.00598102926263878,0.0470827755783267,0,0.00291285042804337,0.0177483125450534,0.00933972536812253,0.00524690285162611,0.00359461681246525,0.00663972928495759,0.0140964486306576,0.00231178745449854,0.0132906625711736,0.0421788688948628,0,0.00597437211612079,0.0053361016381832,0.00277690913660187,0,0.00649426556350742,0.00709550226754514,0,0.000340095335524454,0.0572578168167026,0.00678409559242963,0,0.000486682895918969,0.00401973241981192,0.005532435439552
2017,"Incesto",0.000380412217751336,35,2,0,0,0,0,4,0,1,0,0,1,1,19,0,0,0,2,0,2,0,0,0,1,0,1,0,0,1,0,0,0,0,0.00143887894063977,0,0,0,0,0.00108236265697303,0,0.000323650047560375,0,0,0.000163965714113316,0.00027650898557425,0.00630774282070971,0,0,0,0.0010163582866232,0,0.000362083158552775,0,0,0,0.000590387778500675,0,0.000328581929111077,0,0,0.000282670649684568,0,0,0,0
2017,"Incumplimiento de obligaciones de asistencia familiar",0.264766927689592,23558,145,778,1061,2,514,1842,654,381,692,18,1102,562,886,0,2565,87,291,391,595,43,17,848,879,426,106,2077,1761,2233,42,1377,881,302,0.104318723196383,1.01913297720443,0.29622432641073,0.00215519331545241,0.0931590618483737,0.498428003536079,0.0707274917327781,0.123310668120503,0.944756329321304,0.00988912097801209,0.180690216952874,0.155398049892728,0.294140007323621,0,0.152044482584327,0.0183537721220969,0.147880130703676,0.320581934101145,0.107719739669451,0.0104296532019035,0.00262263640679065,0.379655650534137,0.518950857302093,0.151134198298711,0.0348296844857742,0.706378011884291,0.720221538672952,0.63120356074564,0.0315339936451495,0.167540586920105,0.393487140206034,0.185643944749411
2017,"Lesiones",1.52922093622366,204882,4252,1957,11208,179,1983,4778,11273,5609,1796,4894,11807,3378,6184,13707,57849,6539,4645,159,8826,4484,2643,5527,2131,4331,2132,2270,5837,4065,311,6601,1792,1735,3.05905662780015,2.56355171772374,3.12920099002023,0.192889801732991,0.359405485691294,1.29288219375428,1.21912999128992,1.81535311676614,2.45199764083969,2.68874211479951,1.93594318653592,0.934047353269816,2.05300429490889,1.66568983948641,3.4290921142381,1.37948638972864,2.36049212068238,0.130364520516834,1.5978729786934,1.08759453389152,0.407742824891041,2.47447733549785,1.25811635598494,1.5365310160369,0.700536672864817,0.772016411640511,2.38724197685066,1.14905619096777,0.233501714848607,0.803148448990279,0.800373388478107,1.06653060973586
2017,"Narcomenudeo",0.425597034423959,45181,842,644,5745,152,725,8019,2625,3256,939,788,6567,381,256,1868,1080,2016,776,269,2599,246,713,942,333,269,857,936,41,351,48,296,370,232,0.605768034009343,0.843601076246342,1.6039667815548,0.163794691974383,0.131401400467064,2.16986653656668,0.283883281037527,1.05380455485658,1.28197426767732,0.432923740592974,1.07676284458215,0.105349923503789,0.0849885348474572,0.227001431397142,0.0640187295091903,0.425301202277555,0.394347015209802,0.22055381144043,0.470527064539332,0.0596673183178667,0.109996456355396,0.421740121230138,0.196599130240725,0.0954345054984821,0.281594713248193,0.318329234050889,0.0167683606391772,0.0992173980392833,0.0360388498801708,0.0360145342980037,0.165255666147823,0.142613891330674
2017,"Otros delitos contra el patrimonio",0.0704034250383075,6696,0,109,652,39,243,125,0,973,1,164,0,91,49,0,42,0,235,1,96,1502,0,38,31,3,33,0,2,9,25,680,1492,61,0,0.142783411973372,0.182034176078978,0.042026269651322,0.0440421245703401,0.0338238330304071,0,0.314911496276244,0.00136525481115795,0.0901008800218879,0,0.0251623176872567,0.0162673367481461,0,0.00248961725869074,0,0.119422098678226,0.000819902644759961,0.0173799916105332,0.364310211843235,0,0.017012871132426,0.0183020211335209,0.00106432534013177,0.0108432036606656,0,0.00081796881166718,0.00254403584716111,0.018770234312589,0.0827360923062248,0.66638230781771,0.0374976179791858
2017,"Otros delitos contra la familia",0.0910206849024034,11369,34,266,367,0,8,0,886,343,96,286,0,113,1,1574,7,0,306,8,4070,128,8,164,32,1,26,4,19,781,9,1175,585,72,0.0244609419908761,0.348443922797402,0.102464022424824,0,0.00144994648791243,0,0.0958173664759043,0.111011966313208,0.131064461871164,0.157127144428414,0,0.0312455153698902,0.00033198646424788,0.191274225384958,0.000414936209781789,0,0.15550281785335,0.00655922115807969,0.736839227654898,0.0310464095312477,0.00123418183848972,0.0734239701504699,0.0188924089120216,0.000354775113377257,0.00854313015688801,0.00136038134209782,0.00777070371083821,0.220765777403647,0.00675728435253203,0.142963100676197,0.261282607287775,0.044259483516416
2017,"Otros delitos contra la sociedad",0.0245278341979284,3403,16,3,19,2,54,0,56,1,0,16,0,0,2,0,1110,3,10,4,9,122,836,132,14,2,84,0,9,0,0,0,896,3,0.0115110315251182,0.00392981867816619,0.00530467691027697,0.00215519331545241,0.00978713879340891,0,0.00605617666213391,0.000323650047560375,0,0.00879032975823297,0,0,0.000663972928495759,0,0.0657970275511123,0.00063288869386541,0.005081791433116,0.00327961057903984,0.00162937421348749,0.0295911090844705,0.128972002122176,0.059097341828427,0.00826542889900945,0.000709550226754514,0.0276008820453305,0,0.00368085965250231,0,0,0,0.400186694239054,0.00184414514651733
2017,"Otros delitos del Fuero Común",1.15646022349685,185754,2093,562,8132,60,1929,3825,9674,11223,1377,1901,20855,6239,2150,10206,70179,2510,1879,415,3198,1732,3817,3532,664,1055,153,1139,7411,2009,283,1717,2332,1503,1.50578681137952,0.736186032376466,2.27040171759854,0.0646557994635724,0.349618346897885,1.03500929073046,1.04620451838363,3.63232448377008,1.8799558749645,1.04440105440005,3.41950496783321,1.72513956099774,0.713770898132941,1.2402444372801,4.15997260946803,0.529516873867393,0.954868610282497,0.340259597575384,0.578970970525888,0.420096728969696,0.588859009689407,1.58130160104549,0.392017484924448,0.374287744613006,0.0502730351539949,0.387368587162353,3.03098343163274,0.567885335216297,0.212479052418507,0.208908633073218,1.04155733366682,0.923916718405183
2017,"Otros delitos que atentan contra la libertad personal",0.134456200880863,16069,156,166,574,6,103,670,892,8,83,80,0,225,1793,531,2166,387,253,109,2286,229,637,44,404,412,999,198,554,1071,20,666,38,309,0.112232557369902,0.217449966858529,0.160257081394683,0.00646557994635724,0.0186680610318725,0.181295745042982,0.0964662425468472,0.002589200380483,0.11331614932611,0.0439516487911648,0,0.0622145217542062,0.595251730396448,0.0645277088179241,0.128393118626765,0.0816426415086379,0.128569323257835,0.0893693882788358,0.413861050225822,0.0555439670519979,0.0982717288897439,0.019699113942809,0.238516662514273,0.14616734671143,0.328253347181966,0.0673388764338419,0.226577360831809,0.302740265812172,0.0150161874500712,0.0810327021705084,0.016972203550317,0.189946950091285
2017,"Otros delitos que atentan contra la libertad y la seguridad sexual",0.0442666907754411,4819,283,26,262,23,306,70,12,74,54,160,0,72,46,180,89,38,103,59,341,79,503,47,44,75,39,43,455,120,1,1165,25,25,0.203601370100527,0.034058428544107,0.0731487026575035,0.0247847231277027,0.0554604531626505,0.018941346497028,0.00129775214188584,0.0239501035194677,0.0737237598025295,0.0879032975823297,0,0.019908646961346,0.0152713773554025,0.0218737995992963,0.00527561752436846,0.00801659012229519,0.0523424517610948,0.0483742560408377,0.0617351785332482,0.019161455882567,0.0775991830950411,0.0210422353480005,0.0259770622540297,0.0266081335032943,0.012814695235332,0.0146240994275515,0.186087904654283,0.0339204779621481,0.000750809372503559,0.1417463934364,0.0111659233883664,0.0153678762209778
2017,"Otros delitos que atentan contra la vida y la integridad corporal",0.0552652008002332,5141,19,99,845,13,132,253,0,24,1,22,0,1,159,0,578,36,284,6,53,187,65,764,1,114,422,5,399,181,7,50,330,91,0.0136693499360778,0.129684016379484,0.235918525746529,0.0140087565504407,0.0239241170505551,0.0684594380535439,0,0.00776760114144899,0.00136525481115795,0.0120867034175703,0,0.00027650898557425,0.0527858478154129,0,0.0342618756076963,0.00759466432638492,0.144322876700494,0.00491941586855977,0.00959520370164855,0.0453568639245572,0.010027727437729,0.342048251188774,0.000590387778500675,0.0404443629250073,0.138661574084875,0.00170047667762227,0.163184777927602,0.0511633875929068,0.00525566560752491,0.00608353619898712,0.147390188726437,0.0559390694443591
2017,"Rapto",0.00152335243850706,204,0,0,0,0,12,0,2,7,0,0,0,0,3,0,0,0,2,0,112,0,0,0,0,0,56,10,0,0,0,0,0,0,0,0,0,0,0.00217491973186865,0,0.00021629202364764,0.00226555033292262,0,0,0,0,0.000995959392743639,0,0,0,0.0010163582866232,0,0.0202766568789554,0,0,0,0,0,0.0184005880302203,0.00340095335524454,0,0,0,0,0,0
2017,"Robo",6.08166014452309,801099,15205,10797,51385,883,9160,17366,102714,10438,8336,11158,39809,10286,14400,88606,161155,18262,17686,584,16877,10887,29621,27020,11441,11850,9885,10456,25469,16175,5360,28262,2218,7348,10.9390771462138,14.1434174227201,14.3463591070833,0.95151784877224,1.66018872865973,4.6990774752484,11.1081094584718,3.37825919643519,11.3807641058127,6.13015621514772,6.527311113137,2.84417142561673,4.78060508516947,10.7674993738625,9.55272069819775,3.8526044424567,8.98765632860896,0.478823144539817,3.05543873344759,2.6406426606773,4.569712529738,12.097046789425,6.75462657382622,4.20408509352049,3.248032369263,3.55603682824369,10.4164238321757,4.57219775864788,4.02433823661908,3.43865800111548,0.990640723015871,4.51692617886978
2017,"Secuestro",0.0097288253477806,1149,6,3,13,6,21,15,40,13,4,15,4,69,21,13,173,29,42,2,35,51,35,11,20,28,14,2,77,140,8,172,0,67,0.00431663682191931,0.00392981867816619,0.00362951578071582,0.00646557994635724,0.00380610953077013,0.00405885996364885,0.00432584047295279,0.00420745061828487,0.00546101924463182,0.00824093414834341,0.000655862856453264,0.0190791200046232,0.00697171574920547,0.00157977441550473,0.0102548520417499,0.00611792404069896,0.0213435240190872,0.00163980528951992,0.00633645527467357,0.0123700537976065,0.00539954554339252,0.00492477848570225,0.0118077555700135,0.00993370317456319,0.00460014700755508,0.000680190671048908,0.0314917992491864,0.0395738909558395,0.00600647498002847,0.0209273645245157,0,0.0411859082722204
2017,"Tráfico de menores",0.00192112375493873,176,2,0,5,0,1,2,2,0,0,0,10,0,0,0,0,0,0,9,2,2,0,0,0,3,1,135,1,0,0,1,0,0,0.00143887894063977,0,0.00139596760796762,0,0.000181243310989054,0.000541181328486513,0.00021629202364764,0,0,0,0.00163965714113316,0,0,0,0,0,0,0.00737912380283965,0.000362083158552775,0.000485100148925746,0,0,0,0.00106432534013177,0.000328581929111077,0.0459128702958013,0.00040898440583359,0,0,0.000121670723979742,0,0
2017,"Trata de personas",0.00267867737935164,304,1,2,18,5,49,29,20,2,1,0,5,3,3,1,32,9,10,1,6,5,18,14,6,2,3,0,15,11,10,18,0,5,0.000719439470319884,0.00261987911877746,0.00502548338868345,0.00538798328863103,0.00888092223846364,0.00784712926305444,0.0021629202364764,0.000647300095120749,0.00136525481115795,0,0.00081982857056658,0.000829526956722749,0.000995959392743639,0.000121521108884979,0.00189685124471675,0.00189866608159623,0.005081791433116,0.000819902644759961,0.00108624947565833,0.00121275037231436,0.00277690913660187,0.00626789989089377,0.00354232667100405,0.000709550226754514,0.000985745787333232,0,0.00613476608750385,0.00310937714653025,0.00750809372503559,0.00219007303163536,0,0.00307357524419555
2017,"Violación",0.123162657319754,13520,224,172,1016,139,682,985,305,297,107,204,348,246,560,467,1944,322,389,78,890,384,668,377,220,454,159,251,364,468,54,340,214,192,0.161154441351654,0.225309604214862,0.283660617939021,0.149785935423943,0.123607938094535,0.266531804279608,0.032984533606265,0.0961240641254312,0.146082264793901,0.11207670441747,0.057060068511434,0.0680212104512654,0.185912419978813,0.0567503578492854,0.115233713116543,0.067930053141554,0.197681686748212,0.063952406291277,0.161127005555985,0.0931392285937432,0.103054183513892,0.168785589919068,0.129885311270148,0.161067901473275,0.0522445267286613,0.085363929216638,0.148870323723427,0.132289864052378,0.0405437061151922,0.0413680461531124,0.0955803042044168,0.118025289377109
2017,"Violencia de género en todas sus modalidades distinta a la violencia familiar",0.00617538625450272,2142,6,0,0,0,0,0,0,25,0,0,0,53,0,0,1329,0,0,0,0,3,0,4,3,0,0,0,0,0,0,719,0,0,0.00431663682191931,0,0,0,0,0,0,0.00809125118900936,0,0,0,0.0146549762354352,0,0,0.0787786032571425,0,0,0,0,0.000727650223388619,0,0.00179082854025536,0.00177116333550202,0,0,0,0,0,0,0.0874812505414347,0,0
2017,"Violencia familiar",1.49544422326466,169579,1102,1982,8554,65,3506,11583,18360,8968,2299,5196,11253,2696,4417,9557,6860,1158,5069,432,17145,4212,6327,1186,2633,5723,2612,2428,6596,7030,24,6326,2670,1610,0.792822296292513,2.59630020670846,2.38822138371101,0.0700437827522034,0.635439048327623,3.13425166392964,1.98556077708533,2.90249362652144,3.13872081085214,2.85465958898616,1.84510618091715,0.745468225108177,1.46638421258288,1.16137723761375,0.406637485586153,0.244295035832048,2.5759600774465,0.354197942536303,3.10395787669367,1.02162091363762,0.976083561515557,0.530980662185715,1.55449102079228,2.03037797385804,0.858255998838134,0.825751474653375,2.69766114087836,1.98717466728251,0.0180194249400854,0.76968899989585,1.19252061787754,0.989691228630968
2018,"Aborto",0.00432610873657164,605,7,16,63,1,15,10,110,9,0,6,30,4,18,17,107,5,4,0,38,16,5,14,4,10,9,7,2,46,0,28,0,4,0.00495398806655046,0.020501886173528,0.0171454977827878,0.00107259310108117,0.00268675355269422,0.00267707943483641,0.01183270533939,0.00287898015007164,0,0.00327240479210958,0.00487262867434777,0.00110766718920866,0.00589478206990688,0.00204189365217303,0.00629199576401676,0.00104835385381167,0.00201978888156715,0,0.00671715254953944,0.00385416884969199,0.000762351543472182,0.00608962271742454,0.00226365080469957,0.00352460047772435,0.00294594775067069,0.00236423945962943,0.000818221799474292,0.0129345771897607,0,0.00341305331993791,0,0.0024488946301863
2018,"Abuso de confianza",0.209972314007245,24741,777,270,560,1,205,761,4023,454,481,636,1396,267,1244,2181,3323,497,813,20,1163,378,731,622,474,464,168,224,489,669,38,612,383,417,0.549892675387101,0.345969329178284,0.152404424735891,0.00107259310108117,0.0367189652201544,0.203725744991051,0.432754305276053,0.145228554236947,0.652873525774931,0.346874907963615,0.226739654312983,0.0739367848796783,0.40739493860912,0.261962944434669,0.195404690876894,0.10420637306888,0.410522090178524,0.0162593958984048,0.205580221450378,0.0910547390739733,0.111455795655633,0.270553237874148,0.268242620356898,0.16354146216641,0.0549910246791863,0.0756556627081417,0.200055229971465,0.188113742172823,0.0282523469893779,0.0745995939929286,0.1677792078193,0.255297265196922
2018,"Abuso sexual",0.150719153656769,18875,0,290,1298,44,208,1301,2561,574,204,378,948,165,514,2156,1977,339,454,0,1112,525,575,413,392,420,294,324,162,543,71,211,241,181,0,0.371596686895194,0.353251684477119,0.0471940964475717,0.0372563159306932,0.348288034472216,0.275486894310706,0.183614956237902,0.276894385151946,0.206161501902903,0.15397506610939,0.0456912715548574,0.168328776885119,0.258960159652061,0.116254912387487,0.0710783912884311,0.229246038057872,0,0.196565095660207,0.126464915380518,0.0876704274993009,0.179643870164024,0.221837778860557,0.148033220064423,0.096234293188576,0.109430512131419,0.0662759657574177,0.152684248131305,0.052787279901206,0.0257197946609607,0.105573861839298,0.11081248201593
2018,"Acoso sexual",0.0185418713655634,2712,0,31,0,0,74,0,449,203,0,12,171,45,13,284,261,0,35,2,191,114,145,128,88,136,51,15,0,85,5,174,0,0,0,0.0397224044612104,0,0,0.0132546508599582,0,0.048298951794419,0.0649369967182825,0,0.00654480958421916,0.0277739834437823,0.0124612558785975,0.00425734260604385,0.03411163513042,0.0153477653683026,0,0.0176731527137126,0.00162593958984048,0.0337625299200535,0.0274609530540554,0.0221081947606933,0.0556765505593101,0.0498003177033904,0.0479345664970511,0.0166937039204673,0.00506622741349163,0,0.0239008491549925,0.00371741407754972,0.0212096884881856,0,0
2018,"Allanamiento de morada",0.121408639506827,12804,460,197,2623,36,159,920,812,752,187,186,463,163,337,431,1475,241,352,15,328,274,134,232,198,271,56,78,489,268,27,341,176,123,0.325547787230459,0.252429473511563,0.713851439432577,0.0386133516389223,0.0284795876585588,0.246291308004949,0.0873468794144059,0.240554785872652,0.25381985305595,0.101444548555397,0.0752009025407673,0.045137437960253,0.110363419864368,0.0517680096521514,0.0867354556254647,0.0505306557537224,0.17774142157791,0.0121945469238036,0.0579796325328668,0.0660026415509754,0.0204310213650545,0.10091374788875,0.112050714832628,0.0955166729463298,0.0183303415597288,0.0263443825501565,0.200055229971465,0.0753579714533881,0.0200740360187685,0.0415661136463867,0.0770995837498609,0.0753035098782287
2018,"Amenazas",0.880874185824285,89788,3018,1125,3340,73,549,3006,11052,3844,2475,1590,9082,1735,4087,9885,0,2645,4521,78,4848,3025,809,3361,1418,1755,446,265,3916,2215,70,3092,1701,762,2.13587656926418,1.44153887157618,0.908983533246209,0.0782992963789257,0.0983351800286086,0.804730078111824,1.18886417646307,1.22964441076393,3.35938040809346,0.867187269909038,1.47510712068088,0.480450643319258,1.33844301776163,1.18730110304296,0,0.554579188666372,2.28286638339128,0.0634116440037787,0.856967251583348,0.728678798144892,0.123348479733799,1.46194442523313,0.802464210265996,0.618567383840623,0.145988077422125,0.0895033509716855,1.60207828337066,0.62282801033304,0.0520437970856961,0.376898602330287,0.745149954309735,0.46651442705049
2018,"Contra el medio ambiente",0.00867154911887801,2120,13,1,41,0,35,32,1057,5,0,0,28,2,5,125,484,49,8,3,0,0,19,2,32,45,0,1,0,28,0,105,0,0,0.00920026355216514,0.0012813678858455,0.0111581810967349,0,0.00626909162295319,0.0085666541914765,0.113701541306684,0.00159943341670647,0,0,0.00454778676272459,0.000553833594604332,0.00163743946386302,0.015013923913037,0.0284609901848982,0.0102738677673543,0.00403957776313431,0.00243890938476072,0,0,0.00289693586519429,0.00086994610248922,0.0181092064375965,0.0158607021497596,0,0.000337748494232776,0,0.00787322089811518,0,0.0127989499497672,0,0
2018,"Corrupción de menores",0.0174559712231919,1848,72,47,246,8,87,108,172,50,21,30,161,7,36,153,72,20,35,17,160,25,19,0,23,36,55,22,49,39,0,32,9,37,0.0509553058273762,0.0602242906347384,0.0669490865804094,0.00858074480864939,0.0155831706056265,0.0289124578962332,0.0185020483488643,0.0159943341670647,0.0285038337656415,0.0163620239605479,0.0261497738856664,0.00193841758111516,0.0117895641398138,0.0183770428695572,0.00423386630849726,0.00419341541524667,0.0176731527137126,0.0138204865136441,0.0282827475770082,0.00602213882764374,0.00289693586519429,0,0.0130159921270225,0.0126885617198077,0.0180030140318765,0.00743046687312106,0.0200464340871202,0.0109662719652319,0,0.00390063236564333,0.00394259235084516,0.0226522753292233
2018,"Daño a la propiedad",1.21849896247686,132692,4244,1747,7203,149,1702,7059,10934,7829,2402,2710,12414,2020,3744,9290,12033,2715,2527,92,8537,2794,1059,5421,3640,3809,1287,1215,2648,4003,196,4208,1184,1877,3.00353219349145,2.23854969657208,1.9603019131654,0.159816372061095,0.304856969779038,1.88975037305102,1.17617091073536,2.50439284387898,3.26029565262242,1.47803616443616,2.01629374544511,0.559371930550375,1.22611467054063,1.11583482521691,0.707584906807604,0.569256142619736,1.27600162593005,0.074793221132662,1.50906135040574,0.673034235377464,0.161466056907408,2.35798891079703,2.0599222322766,1.3425203219652,0.421270528345909,0.410364420492822,1.08332566250396,1.12558940196982,0.145722631839949,0.512933156082098,0.518669927044519,1.14914380521492
2018,"Delitos cometidos por servidores públicos",0.114445372619576,18332,56,266,1246,1,360,874,5198,451,0,147,0,172,466,646,2769,494,52,24,2346,423,64,0,3,557,203,25,228,620,0,387,0,254,0.0396319045324037,0.340843857634902,0.339099845037358,0.00107259310108117,0.0644820852646613,0.233976742604702,0.559149112310445,0.144268894186923,0,0.0801739174066847,0,0.0476296891359725,0.152609358032034,0.077591958782575,0.162827441780957,0.103577360756593,0.026257255460373,0.0195112750780857,0.414695786347882,0.101894588963732,0.00975809975644393,0,0.00169773810352467,0.196320246609246,0.0664474881540168,0.00844371235581939,0.0932772851400693,0.174335605601122,0,0.047173272671999,0,0.15550480901683
2018,"Despojo",0.208987294462409,25618,323,386,1128,6,338,759,3618,375,333,479,1199,437,1175,2095,3579,706,1198,39,836,668,885,720,658,404,298,189,501,626,47,1228,96,289,0.228591163642257,0.494608003936362,0.306986055539438,0.00643555860648704,0.0605415133873765,0.203190329104083,0.38918843561739,0.119957506252985,0.451989363998029,0.261246982570081,0.194742726018099,0.121012640421046,0.38479827400781,0.251633364782499,0.210458437751551,0.148027564158208,0.604926770029363,0.0317058220018893,0.147777356089868,0.160911549474641,0.134936223194576,0.313180596896119,0.372370557373079,0.142393859300064,0.0975436032999852,0.0638344654099946,0.20496456076831,0.176022724365004,0.0349436923289674,0.149686767031563,0.042054318409015,0.17693263703096
2018,"Electorales",0.0135799324568985,2315,28,6,5,2,78,33,118,3,6,3,57,0,39,98,708,93,25,1,254,160,302,49,6,62,0,1,45,68,1,10,0,54,0.0198159522662018,0.00768820731507299,0.00136075379228474,0.00214518620216235,0.01397111847401,0.00883436213496014,0.0126932657277092,0.00095966005002388,0.00814395250446899,0.00163620239605479,0.00925799448126076,0,0.0127720278181316,0.011770916347821,0.041633018700223,0.019499381680897,0.0126236805097947,0.00081296979492024,0.0448988617785005,0.0385416884969199,0.0460460332257198,0.0213136795109859,0.00339547620704935,0.021852522961891,0,0.000337748494232776,0.0184099904881716,0.019120679323994,0.000743482815509944,0.00121894761426354,0,0.033060077507515
2018,"Evasión de presos",0.000945192509152856,129,1,2,9,0,6,17,20,1,0,1,7,1,2,11,18,0,1,0,8,3,3,2,3,0,1,0,5,2,2,1,0,2,0.00070771258093578,0.002562735771691,0.00244935682611254,0,0.00107470142107769,0.00455103503922189,0.00215140097079817,0.000319886683341293,0,0.00054540079868493,0.00113694669068115,0.000276916797302166,0.000654975785545208,0.00132122530434725,0.00105846657712431,0,0.000504947220391789,0,0.00141413737885041,0.000722656659317248,0.000457410926083309,0.00086994610248922,0.00169773810352467,0,0.000327327527852299,0,0.00204555449868573,0.000562372921293941,0.00148696563101989,0.000121894761426354,0,0.00122444731509315
2018,"Extorsión",0.0519451377032557,6721,138,198,135,18,184,8,536,32,55,74,13,202,142,778,1629,3,24,4,536,130,168,104,126,122,64,10,331,138,1,578,5,235,0.0976643361691376,0.253710841397409,0.0367403523916881,0.0193066758194611,0.0329575102463825,0.00214166354786912,0.0576575460173911,0.0102363738669214,0.0746528979576324,0.0403596591026848,0.0021114724255507,0.0559371930550375,0.0465032807737098,0.093446662434742,0.0957912252297505,0.000629012312287001,0.0121187332894029,0.00325187917968096,0.0947472043829774,0.0313151219037474,0.0256150118606653,0.0452371973294395,0.0713050003480363,0.0430001258282371,0.0209489617825472,0.00337748494232776,0.135415707812995,0.038803731569282,0.000743482815509944,0.0704551721044326,0.00219032908380287,0.143872559523445
2018,"Falsedad",0.0281530866782389,3167,58,78,123,0,70,190,518,10,72,6,217,54,141,248,99,20,81,4,193,255,74,88,30,0,43,23,36,114,9,211,16,86,0.0410473296942752,0.0999466950959488,0.0334745432902047,0,0.0125381832459064,0.0508645092618917,0.0557212851436727,0.00319886683341293,0.0977274300536279,0.00327240479210958,0.0352453474111155,0.014953507054317,0.0461757928809372,0.0297876250434653,0.00582156617418373,0.00419341541524667,0.0409007248517349,0.00325187917968096,0.0341160642647661,0.0614258160419661,0.0112828028433883,0.0382776285095257,0.0169773810352467,0,0.0140750836976489,0.00776821536735384,0.0147279923905373,0.0320552565137547,0.00669134533958949,0.0257197946609607,0.00700905306816917,0.0526512345490054
2018,"Falsificación",0.121119891158011,21124,450,145,316,4,360,371,9033,168,105,93,693,238,307,1808,3174,320,289,5,532,296,230,580,223,189,185,19,169,265,11,382,71,93,0.318470661421101,0.185798343447597,0.0859996396723958,0.0042903724043247,0.0644820852646613,0.0993196470324307,0.971680248460995,0.0537409628013373,0.142519168828207,0.0507222742776985,0.112557722377433,0.0659061977579155,0.100538783081189,0.217161395478166,0.186642939766254,0.0670946466439467,0.145929746693227,0.0040648489746012,0.0940401356935522,0.0713021237193018,0.0350681709997204,0.252284369721874,0.126198532362001,0.0666149490289902,0.0605555926526754,0.00641722139042274,0.0691397420555777,0.0745144120714472,0.00817831097060938,0.0465637988648672,0.0311026729900007,0.0569368001518315
2018,"Feminicidio",0.00731056803552141,904,4,0,27,5,21,44,47,13,12,4,21,33,20,34,115,21,28,4,79,29,32,7,8,27,48,31,40,13,9,101,7,20,0.00283085032374312,0,0.00734807047833762,0.00536296550540587,0.00376145497377191,0.0117791495132802,0.00505579228137571,0.00415852688343681,0.016287905008938,0.00218160319473972,0.00341084007204344,0.00913825431097147,0.00654975785545208,0.00408378730434605,0.00676242535384979,0.004403086186009,0.0141385221709701,0.00325187917968096,0.0139646066161478,0.00698568104006674,0.00487904987822196,0.00304481135871227,0.00452730160939913,0.00951642128985574,0.0157117213369104,0.010470203321216,0.0163644359894859,0.00365542398841062,0.00669134533958949,0.0123113709040618,0.00306646071732401,0.0122444731509315
2018,"Fraude",0.545307703041945,66248,1417,870,1667,8,637,2704,13815,824,1345,1609,2466,701,1886,7409,6008,1453,1751,97,4043,1266,2302,2119,1307,1247,489,570,964,1489,129,2069,579,1008,1.002828727186,1.11479006068558,0.453675314347734,0.00858074480864939,0.114097467537748,0.723882279179764,1.48608022057884,0.263586627073226,1.82560268641847,0.877549885084052,0.400530077031387,0.194118674908818,0.617642165769132,0.889905298173526,0.353292621964605,0.304651629917671,0.884162582906022,0.0788580701072632,0.714669677836525,0.304961110231879,0.350986650614593,0.921707895587329,0.739647900435583,0.439517679572226,0.160063161119774,0.192516641712682,0.394382907346609,0.418686639903339,0.0959092832007827,0.252200261391126,0.253640107904372,0.617121446806947
2018,"Homicidio",0.379442956037339,44481,283,244,3169,155,1279,2089,1979,479,726,408,4298,2716,733,2761,3339,2276,1000,446,1284,1743,1983,490,936,899,1608,1157,1001,1607,166,2439,88,700,0.200282660404826,0.312653764146301,0.862445753550071,0.166251930667582,0.229090519593061,0.559241893937325,0.212881126060479,0.153225721320479,0.985418253040748,0.222523525863451,0.698085268078224,0.752106021472682,0.240048625402319,0.33162755139116,0.19634555005656,0.477210674255071,0.504947220391789,0.362584528534427,0.226969049305491,0.419863519063321,0.302348622141067,0.213136795109859,0.529694288299698,0.316861582947419,0.526342664786497,0.390775007827321,0.409520010636883,0.451866642259682,0.123418147374651,0.297301323118877,0.0385497918749305,0.428556560282602
2018,"Hostigamiento sexual",0.0133032583679967,1276,82,1,107,0,39,173,0,24,23,20,27,18,41,65,71,45,71,0,51,54,32,0,23,25,0,6,185,19,6,46,7,15,0.058032431636734,0.0012813678858455,0.0291201311548935,0,0.00698555923700498,0.0463134742226698,0,0.00767728040019104,0.0312184846004645,0.0109080159736986,0.00438536580691299,0.00498450235143898,0.0134270036036768,0.00780724043477921,0.00417506260976813,0.00943518468430501,0.035851252647817,0,0.00901512579017136,0.0130078198677105,0.00487904987822196,0,0.0130159921270225,0.00881150119431087,0,0.00202649096539665,0.0756855164513721,0.00534254275229244,0.00446089689305966,0.00560715902561228,0.00306646071732401,0.00918335486319862
2018,"Incesto",0.000102493053558582,10,0,0,2,0,0,0,0,0,0,1,1,0,0,1,0,0,0,0,0,1,0,0,0,1,0,0,0,0,0,0,3,0,0,0,0.000544301516913898,0,0,0,0,0,0,0.00054540079868493,0.000162420955811592,0,0,0.000120111391304296,0,0,0,0,0,0.000240885553105749,0,0,0,0.000352460047772435,0,0,0,0,0,0,0.00131419745028172,0
2018,"Incumplimiento de obligaciones de asistencia familiar",0.248879742379963,21592,154,803,1012,3,382,2135,490,526,880,75,1832,474,884,0,2098,120,299,360,546,96,29,663,793,308,122,1327,1366,1975,41,988,452,359,0.10898773746411,1.02893841233393,0.275416567558432,0.00321777930324352,0.0684226571419462,0.571556459337573,0.0527093237845553,0.16826039543752,1.19444636732212,0.0409050599013697,0.297555191046837,0.131258561921227,0.289499297210982,0,0.123370159933712,0.02516049249148,0.150979218897145,0.292669126171286,0.0965148761065404,0.023125013098152,0.00442163895213866,0.288387132975177,0.448768772031689,0.10855769471391,0.0399339583979805,0.448192251846893,0.558845489040942,0.555343259777767,0.0304827954359077,0.120432024289238,0.198005749175779,0.21978829305922
2018,"Lesiones",1.4916827631596,198537,5019,1890,9809,183,2263,4845,11385,5809,1728,3909,13694,3103,7138,12391,52686,7201,4566,193,7566,5808,2814,6087,3049,3618,2500,1310,5375,3672,335,6293,445,1853,3.55200944371668,2.42178530424799,2.66952678970421,0.196284537497855,0.405341552649802,1.29704498617824,1.22468500262686,1.85822174352957,2.34545832128707,2.13197172205939,2.22419256888395,0.85927282202862,2.33760857861085,1.48830024965153,3.09813167124287,1.50983922025956,2.30558900830891,0.156903170419606,1.33742042604777,1.39906329243819,0.429051448666144,2.64768096292594,1.72546782588224,1.27520045284067,0.818318819630748,0.442450527444936,2.19897108608716,1.03251668349568,0.249066743195831,0.767083733656046,0.194939288458455,1.1344504374338
2018,"Narcomenudeo",0.53138701643888,58588,1716,641,7855,90,909,7532,5974,6490,1148,1079,8739,281,270,2387,1964,2240,734,332,2547,328,253,1149,500,503,793,698,131,261,107,351,227,359,1.2144347888858,0.821356814826964,2.13774420767933,0.0965333790973057,0.16281726529327,2.01637623031878,0.642623469977415,2.07606457488499,1.5582095791884,0.588487461781039,1.41939673283751,0.0778136200419086,0.0884217310486031,0.286705891043354,0.115490464304009,0.469662526507627,0.370631259767573,0.26990597191352,0.450225987991499,0.0790104614186858,0.0385749880996924,0.499784035880057,0.282956350587446,0.177287404029535,0.259570729586873,0.235748448974477,0.0535935278655662,0.0733896662288594,0.079552661259564,0.0427850612606503,0.0994409404046502,0.21978829305922
2018,"Otros delitos contra el patrimonio",0.0873731457429699,10902,0,145,797,30,537,140,3613,1057,0,338,0,39,189,0,36,0,204,5,77,1554,0,37,48,625,25,9,0,25,22,522,702,126,0,0.185798343447597,0.216904154490188,0.0321777930324352,0.0961857771864532,0.0374791120877097,0.38865058537469,0.338120224291747,0,0.184345469955506,0,0.0107997550947845,0.0618952117340222,0,0.00211693315424863,0,0.103009232959925,0.0040648489746012,0.0136110722714352,0.374336149526335,0,0.0160940028960506,0.0271638096563948,0.220287529857772,0.00818318819630748,0.00303973644809498,0,0.00702966151617427,0.0163566219412188,0.0636290654645568,0.307522203365923,0.0771401808508684
2018,"Otros delitos contra la familia",0.0781835298217046,10239,0,260,416,0,6,1,16,234,0,223,0,133,3,1442,11,0,340,15,4448,216,7,211,30,4,34,7,21,809,19,1108,147,78,0,0.333155650319829,0.113214715518091,0,0.00107470142107769,0.000267707943483641,0.00172112077663854,0.0748534839018626,0,0.121624378106739,0,0.036829934041188,0.000982463678317813,0.173200626260794,0.000646840686020414,0,0.171682054933208,0.0121945469238036,0.786260382640827,0.0520312794708419,0.00106729216086105,0.0917793138126127,0.0169773810352467,0.00140984019108974,0.0111291359469782,0.00236423945962943,0.00859132889448007,0.227479846663399,0.0141261734946889,0.1350593956604,0.0643956750638043,0.0477534452886328
2018,"Otros delitos contra la sociedad",0.0251617243300651,5548,0,1,52,1,215,0,740,0,13,18,0,0,29,0,1930,1,11,6,0,485,1743,132,12,1,62,0,1,0,0,0,95,0,0,0.0012813678858455,0.0141518394397613,0.00107259310108117,0.0385101342552839,0,0.0796018359195324,0,0.0176452304263495,0.00981721437632873,0,0,0.00949714889040552,0,0.113491138547218,0.000209670770762334,0.00555441942430967,0.00487781876952144,0,0.116829493256288,0.265755748054403,0.0574164427642885,0.0067909524140987,0.000352460047772435,0.0202943067268426,0,0.000409110899737146,0,0,0,0.0416162525922545,0
2018,"Otros delitos del Fuero Común",1.07790214660984,167213,2456,863,6259,72,1275,3902,4825,6896,1329,938,21826,2756,5115,11002,60092,2846,1941,828,3306,1973,5195,4294,938,1578,117,460,6690,1369,397,2196,2000,1479,1.73814209877828,1.10582048548466,1.70339159718204,0.0772267032778445,0.228374051979009,1.04459639547317,0.519025484205059,2.20593856832156,1.80388547973988,0.511585949166464,3.54499978154381,0.763182693364769,1.67510057153187,1.32146552712986,3.53363186403079,0.596723013589601,0.980102554780462,0.673138990193958,0.584392271809931,0.475267196277644,0.792083253667597,1.86777428204436,0.530826113702048,0.556181955384902,0.038297320758719,0.155364307347077,2.73695191924151,0.384944264625703,0.295162677757448,0.267680896092273,0.876131633521147,0.905478789511384
2018,"Otros delitos que atentan contra la libertad personal",0.152615295618357,18511,151,125,620,11,195,638,1690,41,153,351,0,272,1941,614,2584,477,216,200,2235,257,685,30,533,476,1314,219,519,790,75,780,3,316,0.106864599721303,0.160170985730687,0.168733470243308,0.0117985241118929,0.0349277961850249,0.170797667942563,0.181793382032446,0.013115354016993,0.207670788863959,0.19143568033841,0,0.0753213688661891,0.635653999871625,0.0737483942608375,0.151948757516068,0.100012957653633,0.109068599604626,0.162593958984048,0.395074630216333,0.0619075871481776,0.104442161455689,0.0130491915373383,0.301631469726217,0.167770982739679,0.430108371597921,0.0739669202369779,0.212328556963579,0.222137303911107,0.0557612111632458,0.0950779139125561,0.00131419745028172,0.193462675784718
2018,"Otros delitos que atentan contra la libertad y la seguridad sexual",0.0447403453176843,4821,342,42,263,11,496,217,38,45,59,70,0,23,86,146,110,41,88,81,439,104,173,29,41,52,51,43,452,127,2,1119,3,28,0.242037702680037,0.0538174512055109,0.0715756494741775,0.0117985241118929,0.0888419841424223,0.05809262373595,0.00408766184451653,0.0143949007503582,0.0800821996272784,0.0381780559079451,0,0.00636908633794981,0.028163958778444,0.0175362631304272,0.00646840686020414,0.00859650160125568,0.0444353553944774,0.0658505533885394,0.0776007886644162,0.0250520975229979,0.0263773634041375,0.0126142184860937,0.0232024207481705,0.0183279224841666,0.0166937039204673,0.0145231852520094,0.18491812668119,0.0357106805021653,0.00148696563101989,0.13640023803609,0.00131419745028172,0.0171422624113041
2018,"Otros delitos que atentan contra la vida y la integridad corporal",0.0694051359353551,7231,7,132,1027,17,181,209,978,43,0,73,0,4,243,0,729,47,522,11,5,211,55,767,3,122,536,92,489,376,3,113,87,149,0.00495398806655046,0.169140560931606,0.279498828935286,0.01823408271838,0.0324201595358436,0.0559509601880809,0.105203507472031,0.0137551273836756,0,0.0398142583039999,0,0.00110766718920866,0.0795795579437428,0,0.0428678963735347,0.00985452622582968,0.263582449044514,0.00894266774412263,0.000883835861781506,0.0508268517053131,0.008385866978194,0.333624330304616,0.00169773810352467,0.0430001258282371,0.175447554928832,0.0310728614694154,0.200055229971465,0.105726109203261,0.00223044844652983,0.013774108041178,0.0381117260581699,0.0912213249744397
2018,"Rapto",0.000720174592089283,119,0,0,0,0,0,0,3,0,0,0,0,0,3,0,0,0,1,0,100,0,0,0,0,0,6,4,0,0,0,2,0,0,0,0,0,0,0,0,0.000322710145619726,0,0,0,0,0,0.000982463678317813,0,0,0,0.000504947220391789,0,0.0176767172356301,0,0,0,0,0,0.0019639651671138,0.0013509939769311,0,0,0,0.000243789522852708,0,0
2018,"Robo",5.95798047473347,810592,15697,10350,40705,981,9336,16499,123514,8866,8163,10629,42982,8383,14641,85035,167529,18611,17313,1172,15793,12541,32477,27836,14318,13991,8608,7470,25059,14098,4296,23595,2371,7733,11.1089643829489,13.2621576185009,11.0778966229901,1.05221383216063,1.67223541119688,4.41691335953659,13.2864069753583,2.83611533450391,11.0798473823301,5.79706508922212,6.98117752269386,2.32139351178406,4.7947502380837,10.2136721595608,9.85132484439218,3.90218271465779,8.74215122664303,0.952800599646521,2.79168395302306,3.0209457214992,4.95177821546921,12.107909854445,8.10273805542209,4.93126852838414,2.81763535975259,2.52298125191883,10.2519100365131,3.96416672220099,3.19400217543072,2.87610689585482,1.03865405153932,4.73432554380766
2018,"Secuestro",0.0101013433300808,1330,10,0,15,8,24,10,280,11,17,6,4,57,21,16,174,34,46,9,28,27,46,12,14,20,8,2,103,109,3,175,0,41,0.0070771258093578,0,0.00408226137685423,0.00858074480864939,0.00429880568431076,0.00267707943483641,0.0301196135911744,0.00351875351675422,0.0230745320959955,0.00327240479210958,0.000649683823246369,0.0157842574462235,0.00687724574822469,0.00192178226086873,0.0102318435788684,0.00712880620591934,0.0232275721380223,0.00731672815428216,0.00494948082597643,0.00650390993385524,0.00701363419994407,0.00521967661493532,0.00792277781644848,0.0070492009554487,0.00261862022281839,0.000675496988465551,0.0421384226729261,0.0306493242105198,0.00223044844652983,0.0213315832496119,0,0.0251011699594096
2018,"Tráfico de menores",0.000288055079697187,40,1,0,3,0,2,0,2,0,0,0,7,0,1,4,1,2,0,0,1,3,0,0,1,5,3,0,0,0,0,4,0,0,0.00070771258093578,0,0.000816452275370846,0,0.000358233807025896,0,0.000215140097079817,0,0,0,0.00113694669068115,0,0.000327487892772604,0.000480445565217182,5.88036987291286e-05,0.000419341541524667,0,0,0.000176767172356301,0.000722656659317248,0,0,0.000565912701174891,0.00176230023886217,0.000981982583556898,0,0,0,0,0.000487579045705416,0,0
2018,"Trata de personas",0.00328172078119757,393,2,3,20,3,26,31,103,6,0,0,8,11,13,1,26,9,4,2,18,13,11,9,10,5,5,1,18,2,21,4,5,3,0.00141542516187156,0.00384410365753649,0.00544301516913898,0.00321777930324352,0.00465703949133665,0.00829894624799286,0.0110797149996106,0.00191932010004776,0,0,0.00129936764649274,0.00304608477032382,0.00425734260604385,0.000120111391304296,0.00152889616695734,0.001887036936861,0.00201978888156715,0.00162593958984048,0.00318180910241342,0.00313151219037474,0.0016771733956388,0.00391475746120149,0.00565912701174891,0.00176230023886217,0.0016366376392615,0.000337748494232776,0.00736399619526863,0.000562372921293941,0.0156131391257088,0.000487579045705416,0.00219032908380287,0.00183667097263972
2018,"Violación",0.130520154095606,15322,233,153,963,184,607,1021,1397,341,104,204,609,250,612,392,1984,346,429,76,1067,508,817,335,136,527,197,170,339,548,130,314,91,238,0.164897031358037,0.196049286534361,0.262081180394042,0.197357130598936,0.10872396043236,0.273329810296797,0.150275357810252,0.109081359019381,0.141161843410796,0.111261762931726,0.0989143620892597,0.0692291993255414,0.200422590376834,0.0470836653912839,0.116666538278591,0.0725460866837674,0.216622357548077,0.0617857044139382,0.188610572904173,0.122369860977721,0.124568242203355,0.145715972166944,0.0769641273597852,0.185746445176073,0.064483522986903,0.0574172440195719,0.138688595010893,0.15409018043454,0.0966527660162927,0.0382749550878752,0.0398639893252122,0.145709230496085
2018,"Violencia de género en todas sus modalidades distinta a la violencia familiar",0.00707266560324901,2255,5,0,0,0,0,30,0,51,0,2,0,96,0,0,1337,0,0,0,0,4,0,1,0,0,0,8,0,1,0,720,0,0,0.0035385629046789,0,0,0,0,0.00803123830450922,0,0.016314220850406,0,0.00109080159736986,0,0.0265840125410079,0,0,0.0786205452008449,0,0,0,0,0.000963542212422998,0,0.00043497305124461,0,0,0,0.0027019879538622,0,0.000281186460646971,0,0.0877642282269749,0,0
2018,"Violencia familiar",1.60097768823571,180185,1610,2110,9904,52,6032,11227,19929,9791,2453,5595,10356,2834,5083,8850,6496,1273,4953,404,16410,5682,7296,1865,4025,6048,3800,2195,6448,7029,130,6219,1935,2151,1.13941725530661,2.703686239134,2.69538111175762,0.055774841256221,1.0804331619901,3.00555708149083,2.14376349735184,3.1320105165946,3.32951924891041,3.05151746864218,1.68203141838485,0.784782203554338,1.66462095896315,1.06298581304302,0.381988826944419,0.266910891180451,2.50100358260053,0.328439797147777,2.9007492983669,1.36871171274687,1.11242337223461,0.811224740571198,2.27779862222894,2.13167836892769,1.24384460583874,0.741357944840942,2.63794708150512,1.97645963188756,0.0966527660162927,0.758063521310495,0.84765735543171,1.31689308738268
2019,"Aborto",0.00475225355071239,716,10,12,57,0,11,8,132,2,4,1,24,10,15,5,155,17,12,0,84,16,4,22,13,7,9,3,2,45,0,36,0,0,0.00696214957760639,0.0150421556411844,0.0151285127344919,0,0.00194753034562113,0.00211903970418206,0.0141281169756711,0.0006324180662869,0.00539716379042813,0.000541616454307882,0.00386190720931183,0.0027742929575683,0.00484632779204214,0.000593585454402131,0.00904237302670627,0.00354288305651607,0.00602137286297714,0,0.0145017534173641,0.00382754058987185,0.000602672581697165,0.00930372212319397,0.00705957740283578,0.00245120697431415,0.002935032086423,0.00100614621182597,0.000818941796168663,0.0125874407551122,0,0.00439663403468602,0,0
2019,"Abuso de confianza",0.225650234783887,27454,710,301,637,2,185,818,4032,498,542,572,1745,269,767,2394,3561,565,638,45,1038,533,1409,681,642,981,208,246,690,647,14,1161,549,374,0.494312620010053,0.377307403999709,0.16906776512055,0.00213631848235935,0.0327539194490826,0.216671809752615,0.431549754893225,0.157472098505438,0.731315693603012,0.309804611864108,0.280792836677048,0.0746284805585872,0.247808894433088,0.28420871556774,0.207741228052265,0.11774876040774,0.320136323881618,0.0362637389204204,0.179200238657428,0.127504945900106,0.212291416902826,0.287992489358868,0.348634514816967,0.343519148828883,0.0678318526639982,0.0825039893697299,0.282534919678189,0.180979425967946,0.0103077754495295,0.141791447618624,0.235941699622579,0.228052674070045
2019,"Abuso sexual",0.177427258915962,23661,0,315,1384,55,162,1379,4053,559,240,479,1162,286,703,2423,2671,427,496,0,1171,622,712,540,556,549,324,451,178,591,22,753,181,217,0,0.394856585581091,0.367330905693629,0.0587487582648821,0.0286818105446021,0.365269469008382,0.433797409866627,0.176760849527188,0.323829827425688,0.259434281613475,0.186980674050848,0.0793447785864533,0.227131229187041,0.287651511203272,0.155820505511822,0.0889888861842566,0.248883411669722,0,0.202161348234921,0.148795640431268,0.107275719542095,0.228364088478397,0.30193269507513,0.19224466127121,0.105661155111228,0.151257313844505,0.072885819859011,0.165315055250473,0.0161979328492606,0.0919629285588493,0.0777877006041655,0.132319332281283
2019,"Acoso sexual",0.0294194314069121,4221,0,49,0,3,94,0,946,211,0,54,213,36,4,292,623,16,26,10,257,168,302,294,170,143,68,48,0,91,0,1,5,97,0,0.0614221355348364,0,0.00320447772353903,0.0166425320443987,0,0.101251504992309,0.0667201059932679,0,0.0292472885326256,0.0342744264826425,0.00998745464724588,0.0012923540778779,0.0346653905370844,0.0363445057783097,0.00333447817083865,0.0130463078697838,0.00805860864898232,0.0443684598602687,0.0401891761936544,0.045501779918136,0.124331559282683,0.0923175506524679,0.0500746567609891,0.0221757979863071,0.0160983393892156,0,0.0254546024158935,0,0.000122128723185723,0.00214883150840236,0.0591473512962416
2019,"Allanamiento de morada",0.130221902595847,14101,518,152,2938,17,122,940,883,748,215,75,503,199,408,338,1548,267,375,20,285,288,334,315,176,517,64,158,486,243,50,518,202,199,0.360639348120011,0.190533971455003,0.77978193708662,0.0181587071000545,0.0215998820150707,0.248987165241392,0.0945085400721026,0.2365243567913,0.290097553735512,0.0406212340730911,0.0809391385951605,0.0552084298556091,0.131820115943546,0.040126376717584,0.0903070544860729,0.0556441044758701,0.188167901968036,0.0161172172979646,0.0492023776660567,0.0688957306176933,0.0503231605717133,0.133212384945732,0.0955758171460844,0.181039143674345,0.0208713392812302,0.052990367156168,0.199002856468985,0.0679721800776058,0.0368134837483195,0.0632626786102044,0.0868127929394554,0.121343535133527
2019,"Amenazas",1.03350701077541,110092,3379,1338,3871,58,629,3640,13845,4816,2593,970,10330,2207,3713,11039,0,2939,4338,164,3561,4209,4333,4242,2197,3429,653,247,4531,2097,34,6139,3372,1179,2.3525103422732,1.67720035399206,1.02741180342488,0.0619532359884212,0.111363326126881,0.964163065402836,1.48184681460732,1.52286270361885,3.49871142714504,0.525367960678645,1.66222922800797,0.612286455735324,1.19962767279016,1.31051796622902,0,0.612501959005925,2.17672628996623,0.13216118184331,0.614770760943256,1.00688239642316,0.652845074123454,1.79392678393586,1.19306858107925,1.20074124498903,0.212952883603802,0.0828393714403386,1.85531263922011,0.586574739188228,0.0250331689488572,0.749748231637153,1.44917196926655,0.71891471317803
2019,"Contra el medio ambiente",0.0105849156855564,2192,27,0,45,2,47,59,842,2,3,0,40,4,8,69,480,101,9,3,0,0,28,3,53,136,0,0,0,10,0,218,2,1,0.0187978038595372,0,0.0119435626851252,0.00213631848235935,0.00832126602219937,0.0156279178183427,0.0901202613145078,0.0006324180662869,0.0040478728428211,0,0.00643651201551972,0.00110971718302732,0.00258470815575581,0.0081914792707494,0.028002187437542,0.021048893453419,0.00451602964723285,0.0024175825946947,0,0,0.00421870807188016,0.00126868938043554,0.0287813540269459,0.047623449786675,0,0,0,0.0027972090566916,0,0.0266240616544876,0.000859532603360944,0.000609766508208677
2019,"Corrupción de menores",0.0207099145443779,2185,76,57,275,12,53,102,324,41,36,75,161,14,33,142,111,27,41,13,173,23,44,1,57,32,61,34,49,31,0,36,7,44,0.0529123367898085,0.071450239295626,0.0729884386313208,0.0128179108941561,0.00938355530162907,0.0270177562283212,0.0346781053039199,0.0129645703588814,0.0485744741138532,0.0406212340730911,0.0259069608624669,0.00388401014059562,0.0106619211424927,0.0168578269050205,0.00647550584493159,0.00562693191329023,0.0205730239485052,0.010476191243677,0.0298667064429046,0.00550208959794078,0.00662939839866882,0.00042289646014518,0.0309535316893569,0.0112055175968647,0.0198929952524225,0.0114029904006944,0.0200640740061322,0.00867134807574395,0,0.00439663403468602,0.00300836411176331,0.0268297263611818
2019,"Daño a la propiedad",1.20786587089339,135779,4004,1618,7872,145,1196,8101,10921,7067,2537,2212,12262,1992,3299,8591,12710,3068,2215,135,6640,2823,3221,3660,3713,5486,1490,1358,2652,3883,235,6739,1687,2247,2.7876446908736,2.0281839856197,2.08932723238457,0.154883089971053,0.211749663032988,2.14579258044736,1.16888761735836,2.23464923722476,3.42315113407904,1.19805559692903,1.97311275835757,0.552639157147605,1.0658690257298,1.01989852775374,0.741474588189914,0.639386189258312,1.1114450742912,0.108791216761261,1.1463290796583,0.675321692825514,0.485302096411642,1.54780104413136,2.01632391513302,1.92104592301249,0.485910867641141,0.455448851886558,1.08591682171965,1.08615627671335,0.173023373617101,0.823025465548586,0.725015750934957,1.3701453439449
2019,"Delitos cometidos por servidores públicos",0.143460823188984,21523,212,286,1286,1,338,791,6161,697,297,78,66,194,817,324,3456,440,52,22,2407,400,671,0,0,734,196,49,281,594,0,397,9,267,0.147597571045255,0.358504709448229,0.341320480290467,0.00106815924117968,0.0598422960745401,0.209520050751001,0.659419156720526,0.220397696100985,0.400739411439289,0.0422460834360148,0.0106202448256075,0.053821283376825,0.263963320406562,0.0384643374452581,0.201615749550302,0.091698149698063,0.0260926157395676,0.0177289390277611,0.415544291376135,0.0956885147467962,0.101098325579699,0,0,0.257026559878084,0.0639184765487675,0.0164337214598242,0.115061322361697,0.166154217967481,0,0.048485103104732,0.00386789671512425,0.162807657691717
2019,"Despojo",0.223518323200162,28435,366,345,1199,9,238,829,3994,418,388,414,1320,432,1104,2093,3696,744,1123,47,846,769,1354,850,712,606,337,289,577,607,29,2261,64,375,0.254814674540394,0.432461974684052,0.318229592432559,0.00961343317061708,0.0421374747507117,0.219585489345866,0.427482569703259,0.132175375853962,0.523524887671529,0.224229212083463,0.212404896512151,0.119849455766951,0.356689725494301,0.248474871212732,0.215616843269073,0.155053234943997,0.563500143760277,0.0378754606502169,0.146053373703453,0.183961169600716,0.20400466890449,0.359461991123403,0.38664762390916,0.212204489490625,0.109900645902728,0.0969254184059022,0.236264708194659,0.16979058974118,0.0213518205740253,0.276133043122919,0.0275050433075502,0.228662440578254
2019,"Electorales",0.00558731943073775,677,15,0,39,0,7,4,21,7,1,32,2,1,8,16,33,1,5,0,140,72,73,0,64,3,6,0,3,88,0,31,0,5,0.0104432243664096,0,0.0103510876604419,0,0.00123933749266799,0.00105951985209103,0.00224765497340221,0.00221346323200415,0.00134929094760703,0.0173317265378522,0.000321825600775986,0.00027742929575683,0.00258470815575581,0.00189947345408682,0.00192515038633101,0.000208404885677416,0.00250890535957381,0,0.0241695890289401,0.0172239326544233,0.0109987746159733,0,0.0347548425985761,0.00105051727470607,0.00195668805761533,0,0.00122841269425299,0.024615439698886,0,0.00378599041875741,0,0.00304883254104338
2019,"Evasión de presos",0.000982125321246693,127,2,2,6,0,1,24,15,2,0,0,7,1,5,0,16,0,2,0,14,2,7,3,3,4,0,2,6,1,0,1,1,0,0.00139242991552128,0.0025070259401974,0.00159247502468336,0,0.000177048213238284,0.00635711911254617,0.00160546783814444,0.0006324180662869,0,0,0.00112638960271595,0.00027742929575683,0.00161544259734738,0,0.000933406247918067,0,0.00100356214382952,0,0.00241695890289401,0.000478442573733981,0.00105467701797004,0.00126868938043554,0.00162913324680826,0.00140068969960809,0,0.000670764141217316,0.00245682538850599,0.00027972090566916,0,0.000122128723185723,0.000429766301680472,0
2019,"Extorsión",0.0647165820896618,8734,116,185,218,25,138,18,856,37,74,114,18,259,210,742,2487,2,184,4,509,131,192,259,276,121,46,16,232,123,2,794,7,339,0.0807609351002341,0.23189989946826,0.0578599258968289,0.0267039810294919,0.0244326534268832,0.00476783933440963,0.0916186979634426,0.0116997342263076,0.0998475301229204,0.0617442757910985,0.00289643040698387,0.0718541876010189,0.0678485890885899,0.0880880814332762,0.145086333660764,0.000416809771354832,0.0923277172323161,0.00322344345959293,0.087873720112361,0.0313379885795758,0.0289282839214639,0.109530183177602,0.14988025870636,0.0423708634131446,0.0150012751083842,0.00536611312973853,0.0949972483555649,0.0344056713973066,0.00147253934993278,0.0969702062094639,0.00300836411176331,0.206710846282741
2019,"Falsedad",0.0317027574014718,3512,90,93,137,1,37,229,582,21,79,5,196,76,118,262,131,26,72,6,237,272,79,101,33,0,47,59,40,116,9,220,20,118,0.0626593461984575,0.116576706219179,0.0363615130636035,0.00106815924117968,0.00655078388981652,0.0606575115322114,0.0622921521200042,0.00664038969601245,0.106593984860956,0.00270808227153941,0.0315389088760466,0.0210846264775191,0.0381244452973981,0.0311038778106716,0.00764226365482917,0.00541852702761281,0.0361282371778628,0.00483516518938939,0.040915661427563,0.0650681900278214,0.011902783488519,0.0427125424746632,0.0179204657148908,0,0.0153273897846534,0.0197875421659108,0.0163788359233733,0.0324476250576225,0.0066264270746975,0.026868319100859,0.00859532603360944,0.0719524479686239
2019,"Falsificación",0.124472105617326,19888,813,78,480,2,271,492,7152,178,97,92,601,268,253,1824,2626,431,256,9,784,271,291,695,264,174,167,32,283,213,1,601,63,126,0.566022760659399,0.0977740116676987,0.127398001974669,0.00213631848235935,0.0479800657875751,0.130320941807197,0.765487065227268,0.0562852078995341,0.130881221917882,0.0498287137963251,0.0967085930331838,0.0743510512628304,0.0817413954257774,0.216539973765897,0.153195300439553,0.0898225057269663,0.128455954410179,0.00725274778408409,0.135349698562065,0.0648289687409545,0.0438444303184688,0.2939130398009,0.143363725719127,0.0609300019329518,0.0544611509369601,0.0107322262594771,0.115880264157866,0.059580552907531,0.000736269674966389,0.0733993626346194,0.0270752770058697,0.0768305800342933
2019,"Feminicidio",0.0073945406767639,946,5,2,23,6,20,30,72,24,10,10,18,18,20,65,121,14,39,5,67,28,57,10,16,28,37,37,27,16,10,97,3,11,0.00348107478880319,0.0025070259401974,0.00610448759461956,0.00640895544707805,0.00354096426476569,0.00794639889068272,0.00770624562309331,0.0075890167954428,0.0134929094760703,0.00541616454307882,0.00289643040698387,0.00499372732362294,0.00646177038938951,0.0077166109072277,0.00705888474988038,0.00291766839948382,0.0195694618046757,0.00402930432449116,0.0115668747495642,0.00669819603227574,0.0085880842891846,0.0042289646014518,0.00868871064964403,0.00980482789725661,0.0120662430219612,0.0124091366125203,0.0110557142482769,0.00447553449070655,0.00736269674966389,0.0118464861490151,0.00128929890504142,0.00670743159029544
2019,"Fraude",0.613718053421533,76832,1810,1060,1856,11,559,3045,15716,1038,1503,1475,3094,664,1615,7678,8630,1616,1712,173,3730,1453,3153,2480,1741,2217,520,711,1046,1395,81,3390,559,1101,1.26014907354676,1.32872374830462,0.492605607635387,0.0117497516529764,0.098969951200201,0.806559487404296,1.68210216961853,0.328224976402901,2.02798429425337,0.798884270104126,0.49786420440045,0.184213052382535,0.521787958943203,0.911509823779912,0.503455994970807,0.336782295254704,0.859049195118072,0.139413929627394,0.64394690769962,0.347588529817737,0.47505666252279,1.04878322116005,0.945440327564391,0.776332266007782,0.169579631659995,0.238456652202756,0.428306559396211,0.390210663408478,0.0596378436722775,0.4140163715996,0.240239362639384,0.671352925537753
2019,"Homicidio",0.378847037663701,44877,269,168,3065,134,1186,2463,1997,449,780,365,4494,2032,646,2751,3472,2686,1162,270,1454,1853,1664,503,1500,853,1407,1421,997,1448,189,2400,133,666,0.187281823637612,0.210590178976582,0.813489325109085,0.143133338318076,0.209979180900605,0.652399348925051,0.21374128485163,0.141977855881409,1.05244693913349,0.197690005822377,0.72314212494364,0.563736328977878,0.208715183577281,0.326590717012052,0.20254915579822,0.559775522929539,0.583069605564953,0.217582433522523,0.251018446057707,0.443277044564534,0.250711793986021,0.212716919453026,0.814566623404128,0.298697078441425,0.458843349510795,0.476577922334903,0.408242485390078,0.405035871408943,0.139154968568648,0.293108935645735,0.0571589181235028,0.406104494466979
2019,"Hostigamiento sexual",0.0169050400363976,1861,104,11,140,1,31,179,0,20,27,10,44,7,56,74,116,74,57,0,39,71,65,0,20,49,0,3,248,20,0,372,2,21,0.0724063556071064,0.0137886426710857,0.0371577505759451,0.00106815924117968,0.00548849461038682,0.0474135133810735,0,0.006324180662869,0.0364308555853899,0.00541616454307882,0.00708016321707169,0.00194200507029781,0.0180929570902906,0.00878506472515153,0.00676719529740598,0.0154219615401288,0.0286015210991414,0,0.00673295694377618,0.0169847113675563,0.00979342945257893,0,0.010860888312055,0.0171584488201991,0,0.00100614621182597,0.101548782724914,0.00559441811338319,0,0.0454318850250889,0.000859532603360944,0.0128050966723822
2019,"Incesto",0.000182052697934324,14,1,2,3,0,0,2,0,0,0,0,0,0,1,0,1,0,0,0,0,0,0,0,0,0,0,2,0,0,0,2,0,0,0.000696214957760638,0.0025070259401974,0.000796237512341681,0,0,0.000529759926045514,0,0,0,0,0,0,0.000323088519469476,0,5.83378904948792e-05,0,0,0,0,0,0,0,0,0,0,0.000670764141217316,0,0,0,0.000244257446371446,0,0
2019,"Incumplimiento de obligaciones de asistencia familiar",0.284851741884189,24425,217,910,1086,9,350,1857,530,565,1102,141,2021,542,914,0,2304,137,317,574,540,142,33,697,764,558,139,2101,1334,1889,49,1639,379,585,0.151078645834059,1.14069680278982,0.288237979467689,0.00961343317061708,0.0619668746333995,0.49188209133326,0.0567265302811035,0.178658103726049,1.48691862426295,0.0763679200574113,0.325204769584134,0.150366678300202,0.295302906795101,0,0.134410499700202,0.028551469337806,0.159064599796979,0.462564136451585,0.0932255576830549,0.0339694227351127,0.00497204879900161,0.294758832721191,0.414885933520503,0.195396213095328,0.0453299400014219,0.704637730348791,0.546234178044498,0.528392790809042,0.0360772140733531,0.2001689773014,0.162881428336899,0.356713407302076
2019,"Lesiones",1.51949340117035,210546,5003,1889,8889,177,1535,5782,10936,5004,1797,3319,14525,3057,6214,11835,59636,7373,3972,265,5957,5924,6273,6662,3274,5324,2734,1588,5556,3666,310,9139,449,2482,3.48316343367647,2.36788600051645,2.3592517490684,0.189064185688802,0.271769007320767,1.53153594619758,1.17049308519651,1.58231000184982,2.42467583284984,1.79762501184786,2.3372584256356,0.848101357128629,2.00767205998332,1.40501677056984,3.47903843755261,1.53656922209959,1.99307441764543,0.213553129198031,1.0284160131814,1.41714690340005,0.945141276246579,2.81733621748719,1.77792741668341,1.86431799017836,0.891597524920053,0.532586728126549,2.27502030975654,1.02545684018314,0.228243599239581,1.11613440119432,0.192965069454532,1.51344047337394
2019,"Narcomenudeo",0.638823488902246,70274,2206,479,10307,116,852,7602,6097,8610,1699,893,9440,642,422,1734,3952,2327,894,337,3485,376,484,1579,1028,779,614,1610,123,223,151,495,388,330,1.53585019681997,0.600432712677278,2.7356066799019,0.123906471976842,0.150845077679018,2.013617478899,0.65256916061111,2.7225597753651,2.29244531998435,0.483663493696939,1.51901683566265,0.178109607875885,0.136343355216119,0.205855435586659,0.230551343235762,0.484958168971347,0.448592278291797,0.271575111470704,0.601650126898974,0.0899472038619885,0.072923382385357,0.66775351056924,0.558249659239629,0.272784318998675,0.200234411229302,0.539965133679939,0.0503649204643728,0.0623777619642226,0.111176720919925,0.0604537179769328,0.166749325052023,0.201222947708863
2019,"Otros delitos contra el patrimonio",0.125075044278513,14495,191,111,1052,16,737,523,4650,1194,302,741,68,9,210,0,45,272,159,1,79,493,160,48,43,880,53,151,242,56,27,1050,816,116,0.132977056932282,0.139139939680956,0.279213954327816,0.0170905478588748,0.130484533156616,0.138532220660902,0.497695029824776,0.377553585573279,0.407485866177324,0.40133779264214,0.0109420704263835,0.00249686366181147,0.0678485890885899,0,0.00262520507226956,0.0566861289042571,0.0797831904344471,0.000805860864898232,0.0136385538091877,0.117936094425426,0.0241069032678866,0.0202990300869687,0.0233509098709183,0.308151733913779,0.0172840778422688,0.0506426926619074,0.0990919573364082,0.0156643707174729,0.0198792812240925,0.128235159345009,0.350689302171265,0.0707329149522065
2019,"Otros delitos contra la familia",0.0870354574050226,12056,0,300,461,0,9,10,12,284,0,188,5,125,11,1437,7,0,343,9,4916,229,529,207,47,3,42,18,26,795,1,1779,157,106,0,0.376053891029611,0.122355164396505,0,0.00159343391914456,0.00264879963022757,0.00128437427051555,0.0898033654127397,0,0.101823893409882,0.000804564001939965,0.0346786619696037,0.00355397371416423,0.170596459595172,0.000408365233464154,0,0.172110907666763,0.00725274778408409,0.84869785475907,0.0547816746925408,0.0797034489294501,0.0875395672500523,0.0255230875333293,0.00105051727470607,0.0136968164033073,0.00603687727095585,0.0106462433501926,0.222378120006982,0.000736269674966389,0.217266998547401,0.0674733093638341,0.0646352498701197
2019,"Otros delitos contra la sociedad",0.032650870746221,7982,1,0,36,13,169,0,2025,0,87,19,0,0,0,0,3582,4,11,5,3,485,1232,183,14,0,62,21,0,0,0,1,29,0,0.000696214957760638,0,0.00955485014810018,0.0138860701353358,0.0299211480372701,0,0.216738158149499,0,0.117388312441812,0.0102907126318498,0,0,0,0,0.208966323752657,0.000833619542709664,0.00551959179106238,0.00402930432449116,0.00051791976490586,0.11602232413049,0.185623155162727,0.077390052206568,0.00760262181843853,0,0.0202191099286918,0.00704302348278182,0,0,0,0.000122128723185723,0.0124632227487337,0
2019,"Otros delitos del Fuero Común",1.04070802629137,169320,2080,958,5774,52,1196,3302,6364,2525,855,801,20632,2360,4746,11863,63819,3706,1913,682,3115,1321,2579,4922,1500,2176,143,1117,7261,1208,307,4964,3173,1906,1.44812711214213,1.20086542535456,1.53249179875362,0.0555442805413431,0.211749663032988,0.874633637901144,0.681146488130081,0.798427808687211,1.15364376020401,0.433834779900613,3.31995289760507,0.654733137986119,1.53337811340213,1.4083408491145,3.72306583349269,0.772348506320503,0.959907190572939,0.549597109860594,0.537773355893918,0.316011319951295,0.388573147049247,2.08149637683458,0.814566623404128,0.761975196586799,0.0466343987064987,0.374621772869871,2.97316819099033,0.337902854048345,0.226034790214682,0.606246981893928,1.36364847523214,1.16221496464574
2019,"Otros delitos que atentan contra la libertad personal",0.170871515108919,20608,331,165,677,7,187,685,2258,38,342,315,0,440,1762,695,3250,582,238,102,2006,202,700,52,681,641,1452,347,662,669,0,801,7,314,0.230447151018771,0.206829640066286,0.179684265285106,0.00747711468825773,0.0331080158755592,0.181442774670589,0.241676425235343,0.0120159432594511,0.461457504081605,0.170609183106983,0,0.122068890133005,0.569281971305216,0.0825083781618962,0.189598144108357,0.121291643464256,0.119423895115713,0.0821978082196197,0.346315682800385,0.0483226999471321,0.105467701797004,0.0219906159275494,0.369813247025474,0.224460524362196,0.47351850994291,0.116377578501204,0.271069734531827,0.187133285892668,0,0.097825107271764,0.00300836411176331,0.191466683577524
2019,"Otros delitos que atentan contra la libertad y la seguridad sexual",0.0595985059275178,6332,391,62,264,16,671,241,51,30,18,132,4,0,80,194,94,49,60,97,464,47,378,51,463,236,46,54,623,116,0,1384,1,15,0.27222004848441,0.0777178041461195,0.070068901086068,0.0170905478588748,0.118799351082889,0.0638360710884845,0.00545859064969109,0.00948627099430349,0.0242872370569266,0.0714933719686404,0.000643651201551972,0,0.0258470815575581,0.0230311156308027,0.00548376170651864,0.0102118393981934,0.0301068643148857,0.0781685038951285,0.0801049236387731,0.0112434004827486,0.0569525589703821,0.0215677194674042,0.251429564424074,0.0826406922768771,0.0150012751083842,0.0181106318128675,0.255100369506538,0.0324476250576225,0,0.16902615288904,0.000429766301680472,0.00914649762313015
2019,"Otros delitos que atentan contra la vida y la integridad corporal",0.0848887423838314,8488,12,200,1290,21,178,317,352,32,0,99,79,22,340,0,855,177,543,6,11,290,226,940,10,191,651,159,544,380,8,210,160,185,0.00835457949312766,0.25070259401974,0.342382130306923,0.0224313440647732,0.0315145819564146,0.083966948278214,0.0376749786017895,0.0101186890605904,0,0.0536200289764803,0.0127121112306514,0.00610344450665026,0.109850096619622,0,0.0498788963731217,0.0368876647649026,0.272467122049715,0.00483516518938939,0.00189903913798815,0.0693741731914273,0.0340510008658898,0.39752267253647,0.00543044415602752,0.0668829331562862,0.212300654251264,0.0533257492267766,0.222752168557876,0.106293944154281,0.00589015739973111,0.0256470318690018,0.0687626082688755,0.112806804018605
2019,"Rapto",0.000689777246249872,116,0,0,0,0,0,0,5,0,0,0,0,0,6,0,0,0,2,0,98,0,0,0,0,0,0,5,0,0,0,0,0,0,0,0,0,0,0,0,0.000535155946048146,0,0,0,0,0,0.00193853111681685,0,0,0,0.00100356214382952,0,0.0169187123202581,0,0,0,0,0,0,0.00167691035304329,0,0,0,0,0,0
2019,"Robo",5.53588187457325,766096,12988,8625,37180,1063,6410,16186,109431,6654,7547,10060,42732,7564,14873,76247,157281,17239,16301,735,14235,13153,35887,26816,20050,16495,7155,7291,20167,13019,2822,29887,2625,7378,9.04243987139517,10.8115493671013,9.86803690295457,1.13545327337399,1.1348790468574,4.28734708148635,11.7125300663989,2.10405490653651,10.1830987815903,5.44866153033729,6.87612578617971,2.09847519310466,4.80529555006951,9.05182202835985,9.17544175492509,3.59269182419297,8.17953325328253,0.5923077357002,2.45752928447831,3.14647758616153,5.40702773484154,11.3403914752532,10.8880405328352,5.77609414875885,2.33335050870628,2.44527067680773,8.25779960166671,3.64168647090679,2.07775302275515,3.6500611498517,1.12813654191124,4.49885729756362
2019,"Secuestro",0.00979795904225042,1330,12,5,10,3,21,16,180,10,18,1,10,44,30,20,206,47,72,3,26,23,69,8,24,24,6,12,40,31,14,298,0,47,0.00835457949312766,0.00626756485049351,0.00265412504113894,0.00320447772353903,0.00371801247800397,0.00423807940836411,0.0192656140577333,0.0031620903314345,0.0242872370569266,0.000541616454307882,0.00160912800387993,0.0122068890133005,0.00969265558408427,0.00237434181760852,0.0120176054419451,0.00979502962683855,0.0361282371778628,0.0024175825946947,0.00448863796251746,0.00550208959794078,0.0103961020342761,0.00338317168116144,0.0130330659744661,0.00840413819764852,0.00195668805761533,0.0040245848473039,0.0163788359233733,0.00867134807574395,0.0103077754495295,0.0363943595093454,0,0.0286590258858078
2019,"Tráfico de menores",0.00025809023666781,29,1,0,1,0,2,3,0,0,0,0,10,1,1,0,0,0,2,0,1,0,0,0,1,4,0,0,2,0,0,0,0,0,0.000696214957760638,0,0.000265412504113894,0,0.000354096426476569,0.000794639889068271,0,0,0,0,0.00160912800387993,0.00027742929575683,0.000323088519469476,0,0,0,0.00100356214382952,0,0.000172639921635287,0,0,0,0.000543044415602752,0.00140068969960809,0,0,0.000818941796168663,0,0,0,0,0
2019,"Trata de personas",0.00369850198630567,546,3,3,19,1,11,46,180,2,1,3,4,19,14,6,71,10,4,1,38,10,17,2,20,7,6,1,2,12,3,3,11,16,0.00208864487328192,0.0037605389102961,0.00504283757816398,0.00106815924117968,0.00194753034562113,0.0121844782990468,0.0192656140577333,0.0006324180662869,0.00134929094760703,0.00162484936292365,0.000643651201551972,0.00527115661937977,0.00452323927257266,0.000712302545282557,0.00414199022513642,0.00208404885677416,0.00200712428765905,0.000805860864898232,0.0065603170221409,0.00239221286866991,0.00256135847221295,0.000845792920290361,0.010860888312055,0.00245120697431415,0.00195668805761533,0.000335382070608658,0.000818941796168663,0.00335665086802991,0.00220880902489917,0.000366386169557169,0.00472742931848519,0.00975626413133883
2019,"Violación",0.15304818466591,17342,302,237,981,272,533,1133,1449,305,134,261,686,345,705,446,2173,429,414,131,1122,648,919,547,263,668,240,202,436,581,26,400,63,291,0.210256917243713,0.297082573913392,0.26036966653573,0.290539313600872,0.0943666976560056,0.300108998104784,0.155088193164753,0.0964437551087522,0.180804986979342,0.141361894574357,0.110386181066163,0.0957131070361063,0.22777740622598,0.0529478225326701,0.126768236045372,0.0894056959556114,0.207737363772711,0.105567773301668,0.193701992074792,0.15501539388981,0.138464025644924,0.231324363699414,0.142820681303524,0.233915179834551,0.0782675223046133,0.0677471782629489,0.178529311564768,0.162517846193782,0.0191430115491261,0.0488514892742891,0.0270752770058697,0.177442053888725
2019,"Violencia de género en todas sus modalidades distinta a la violencia familiar",0.0124947312652115,3180,12,14,0,0,0,30,0,202,0,12,0,178,0,0,1434,0,0,0,0,2,0,7,0,0,0,8,0,0,0,1281,0,0,0.00835457949312766,0.0175491815813818,0,0,0,0.00794639889068272,0,0.0638742246949769,0,0.00649939745169458,0,0.0493824146447157,0,0,0.0836565349696567,0,0,0,0,0.000478442573733981,0,0.00296027522101626,0,0,0,0.00268305656486926,0,0,0,0.156446894400911,0,0
2019,"Violencia familiar",1.84965285863351,210189,2152,2612,10455,62,5108,10968,25774,10647,3226,6320,11142,3027,5619,11055,9249,941,5132,768,16339,6439,9077,3135,5508,8233,4460,3587,7215,7509,17,10324,1295,2794,1.49825458910089,3.27417587789781,2.77488773051076,0.0662258729531398,0.904362273221157,2.9052034344336,2.75862187068898,3.36667757587831,4.35281259698029,3.42301599122581,1.79289042192302,0.839778478255924,1.81543439089898,1.31241743968311,0.539567149187137,0.196108997422448,2.57514046106656,0.618901144241842,2.82076367959895,1.54034586613655,1.36761475601629,1.32578040255514,2.99108864113996,2.88296957421834,1.45447145616073,1.20301548727326,2.95433252967845,2.10042428066972,0.0125165844744286,1.2608569381694,0.556547360676211,1.70368762393504
2020,"Aborto",0.00425288105044133,633,5,10,39,0,10,9,79,2,4,0,31,4,23,13,145,11,13,1,100,9,6,28,12,9,4,5,2,34,0,22,0,3,0.00343394801002713,0.01226846342403,0.0101599038612584,0,0.00174970167586427,0.00236057710339879,0.00846495716678098,0.000625562615377205,0.00536824842106393,0,0.00494749589677034,0.00111112500017361,0.00734785311705513,0.00152803437654199,0.00841224014590189,0.00227730682382568,0.00649106180789054,0.000798282096927412,0.0169320167674376,0.00214059168332562,0.000894825626075935,0.0115711133766616,0.00632164198328874,0.00313403538047364,0.00129879702172855,0.00166539763366981,0.00081952132578882,0.00945502619459389,0,0.00269301347841005,0,0.00182145159978094
2020,"Abuso de confianza",0.208118695835585,24719,614,258,475,0,88,808,3857,487,435,352,1234,262,450,1855,3333,591,550,30,845,492,999,587,2036,717,233,201,583,421,11,1194,427,294,0.421688815631331,0.316526356339974,0.123742418823019,0,0.0153973747476055,0.211927366616246,0.413282782180687,0.152324496844349,0.583797015790703,0.189435219343919,0.196942256019826,0.0727786875113717,0.143762343594557,0.218038751421954,0.193365492457179,0.122353484807362,0.274621845718446,0.0239484629078224,0.143075541684847,0.117019012021801,0.148988466741643,0.242580126860728,1.07257192316466,0.249678151977733,0.075654926515688,0.0669489848735264,0.238890466467441,0.11707547140953,0.00802949012737691,0.146157186055527,0.18069309130333,0.178502256778532
2020,"Abuso sexual",0.169877416152115,22377,0,280,1268,53,148,1293,3121,578,319,404,1141,316,706,2137,2891,516,469,0,1288,528,718,551,576,504,359,532,160,543,27,674,73,204,0,0.34351697587284,0.330327130668608,0.0564322669054568,0.0258955848027911,0.339136243854959,0.334419383766119,0.180787595844012,0.428117811579849,0.217419967656089,0.182099768329515,0.0877788750137155,0.225547143506127,0.251185343282326,0.167722663874499,0.106826392826732,0.23417753753082,0,0.218084375964596,0.125581378755103,0.10708079992042,0.227702981090734,0.303438815197859,0.175505981306524,0.116567032700137,0.177198308222468,0.0655617060631056,0.151002330107779,0.0197087484944706,0.0825041402021988,0.0308913247427239,0.123858708785104
2020,"Acoso sexual",0.0403164307484163,5596,0,110,0,2,85,0,1065,248,0,90,227,79,0,263,1112,62,25,10,455,209,218,599,195,191,87,70,0,79,2,16,4,93,0,0.13495309766433,0,0.00212951950586629,0.0148724642448463,0,0.114116194716731,0.0775697643067734,0,0.0484351413095248,0.0362284376957054,0.0219447187534289,0,0.0309133108485034,0.0645131796016752,0.0128357293706538,0.0124828111690203,0.00798282096927412,0.0770406762918409,0.0497092957572284,0.0325119977474256,0.247539175450726,0.102726682228442,0.0665111952967183,0.028248835222596,0.0233155668713773,0,0.0219690314521446,0.00145990729588671,0.00195855525702549,0.00169267532836843,0.0564649995932091
2020,"Allanamiento de morada",0.115230939563307,12715,477,149,2250,16,81,897,774,533,190,178,370,184,250,254,1666,342,314,17,277,273,384,296,221,483,101,211,434,198,52,579,81,183,0.327598640156588,0.182800105018047,0.586148299687987,0.0170361560469304,0.0141725835745005,0.235270851305412,0.0829351499631453,0.166712436998025,0.254991800000537,0.0957939461455045,0.0590507574775815,0.0511117500079862,0.0798679686636428,0.0298554408955128,0.0966537385039486,0.0708035394316712,0.156784108282894,0.013570795647766,0.0469016864458021,0.0649312810608772,0.0572688400688598,0.12232319855328,0.116423573192234,0.168193232085418,0.0327946247986459,0.070279780140866,0.177836127696174,0.0550616231332233,0.0379575896930545,0.07087521836361,0.0342766753994608,0.111108547586637
2020,"Amenazas",0.966453115041057,104339,3079,1334,4099,43,452,2976,14363,4429,2649,1119,8539,2124,2711,9841,0,4087,4421,76,3707,4084,4161,3723,2212,2880,1145,665,4053,1500,19,6534,2135,1179,2.11462518457471,1.6366130207656,1.0678319468538,0.0457846693761253,0.0790865157490648,0.780564162190532,1.53901493400602,1.38530841175282,3.55512251684959,0.602210256948425,1.36279572459748,0.590007375092189,0.866088252188542,1.15672202304229,0,0.846122998997778,2.20746032712954,0.0606694393664833,0.62766986156891,0.971352937189094,0.620561571683661,1.53854482504683,1.16528933891956,1.00289132175156,0.371780647469797,0.221497885278085,1.66075996671104,0.417133508585025,0.0138691193109238,0.799825003087785,0.903465456516652,0.715830478713909
2020,"Contra el medio ambiente",0.0100884258972065,1982,43,2,26,2,50,87,628,0,4,0,21,6,1,72,456,148,12,5,0,2,60,3,69,55,0,0,0,8,0,219,1,2,0.0295319528862333,0.002453692684806,0.00677326924083896,0.00212951950586629,0.00874850837932133,0.0228189119995216,0.0672910519080817,0,0.00536824842106393,0,0.00335152947845733,0.00166668750026042,0.000319471874654571,0.00846295962392488,0.0264550448726294,0.0306401281751092,0.00599174936112972,0.00399141048463706,0,0.000475687040739027,0.00894825626075935,0.00123976214749946,0.0363494414039102,0.0191524384362278,0,0,0,0.0022247120457868,0,0.0268077250805364,0.000423168832092109,0.00121430106652063
2020,"Corrupción de menores",0.0216508268562945,2443,64,54,722,2,54,90,217,23,37,4,210,17,29,133,145,34,30,14,166,39,25,0,92,34,42,43,47,30,0,24,5,17,0.0439545345283472,0.066249702489762,0.18808847661099,0.00212951950586629,0.00944838904966703,0.0236057710339879,0.0232518443695123,0.00719397007683786,0.0496562978948414,0.00215267294708999,0.0335152947845733,0.00472228125073786,0.00926468436498256,0.0156329670830835,0.00841224014590189,0.0070389483645521,0.0149793734028243,0.0111759493569838,0.0281071478339464,0.00927589729441103,0.00372844010864973,0,0.0484659218718803,0.0118396892151226,0.0136373687281498,0.0143224196495604,0.0192587511560373,0.00834267017170049,0,0.00293783288553824,0.00211584416046054,0.0103215590654253
2020,"Daño a la propiedad",1.02596531107051,116479,3647,1215,7105,121,835,7512,8796,5835,2514,2059,8976,1703,2243,7084,12566,3128,2018,106,5332,2622,2734,1360,3202,4432,1869,2311,2167,3086,195,6282,1485,1939,2.50472167851379,1.49061830601964,1.85092607523695,0.128835930104911,0.146100089934666,1.97029502230352,0.94250333213931,1.825078930363,3.37394413263868,1.10808839951457,1.43253945707776,0.473061468823916,0.716575414850203,0.832661194109498,0.729022135678643,0.647583249538794,1.00761251756332,0.0846179022743057,0.902815134039771,0.623625710408865,0.407742210281934,0.562025506866423,1.68682480254088,1.54333831180657,0.606862908402665,0.769746786282186,0.887951356492186,0.858182671662258,0.142340961348954,0.768977757789633,0.628405715656781,1.17726488399175
2020,"Delitos cometidos por servidores públicos",0.151103906085544,21883,450,272,913,5,250,1704,5034,567,278,77,97,202,444,357,3912,367,50,14,2414,433,1159,0,535,672,193,63,266,472,0,419,16,248,0.309055320902442,0.333702205133616,0.237845954495614,0.00532379876466573,0.0437425418966066,0.446935931576837,0.539399928830069,0.177347001459438,0.373093265263943,0.0414389542314823,0.0154808742576362,0.0561118125087675,0.14184551234663,0.0419621748019609,0.226956437591505,0.0759792367585477,0.0249656223380405,0.0111759493569838,0.408738884765943,0.102986244319999,0.172850483437001,0,0.281839871754956,0.234007975075365,0.0626669562984025,0.0209840101842396,0.108996336329913,0.131258010701421,0,0.051289665793355,0.00677070131347374,0.150573332248558
2020,"Despojo",0.214879212116598,28584,315,361,1355,4,139,838,3945,401,387,285,1233,465,778,1859,4559,898,1156,36,1022,799,1395,861,611,635,390,324,461,485,35,2178,12,362,0.216338724631709,0.442891529607483,0.352991531589876,0.00425903901173259,0.0243208532945133,0.219795956960909,0.422712101556341,0.12542530438313,0.519378034737936,0.153377947480162,0.196782659377994,0.129168281270183,0.248549118481256,0.218508915845505,0.264492433277012,0.185911047981406,0.577205188455497,0.0287381554893868,0.173045211363212,0.190036972775241,0.208046958062655,0.355811736332346,0.321876937649118,0.221123607400084,0.126632709618534,0.107917766661804,0.188899665594323,0.134873167775825,0.0255483776780174,0.266608334362595,0.0050780259851053,0.219788493040233
2020,"Electorales",0.00495398636360553,524,6,0,1,0,4,0,13,1,3,0,3,3,307,8,7,1,1,1,23,61,17,16,15,5,6,0,2,1,0,13,0,6,0.00412073761203255,0,0.000260510355416883,0,0.000699880670345706,0,0.00139296763503991,0.000312781307688602,0.00402618631579795,0,0.000478789925493904,0.00083334375013021,0.0980778655189533,0.000940328847102764,0.000406108144974574,0.000207027893075062,0.00049931244676081,0.000798282096927412,0.00389436385651064,0.0145084547425403,0.00253533927388181,0.0066120647866638,0.00790205247911092,0.0017411307669298,0.00194819553259282,0,0.00081952132578882,0.00027808900572335,0,0.00159132614633321,0,0.00364290319956188
2020,"Evasión de presos",0.000835808748482114,101,0,3,8,0,1,9,15,2,0,0,5,0,5,2,21,0,1,1,3,2,3,0,2,4,1,0,4,0,2,1,0,6,0,0.003680539027209,0.00208408284333506,0,0.000174970167586427,0.00236057710339879,0.00160727034812297,0.000625562615377205,0,0,0.000797983209156506,0,0.00159735937327286,0.000235082211775691,0.00121832443492372,0,0.00049931244676081,0.000798282096927412,0.000507960503023127,0.000475687040739027,0.000447412813037967,0,0.00105360699721479,0.00139290461354384,0.000324699255432137,0,0.00163904265157764,0,0.00145990729588671,0.000122409703564093,0,0.00364290319956188
2020,"Extorsión",0.0540074110897361,7960,104,89,127,13,72,16,344,37,98,101,17,241,133,730,2995,29,135,8,389,113,145,242,197,151,58,55,105,137,2,714,1,362,0.0714261186085643,0.109189324473867,0.0330848151379441,0.0138418767881309,0.0125978520662227,0.0041965815171534,0.0368600666502868,0.0115729083844783,0.131522086316066,0.0543549919140222,0.00271314291113212,0.0669452812604602,0.0424897593290579,0.0858050072981273,0.173756270599836,0.00600380889917679,0.0674071803127094,0.0063862567754193,0.0658655452253321,0.026876317801755,0.0216249526301684,0.10000747989829,0.103780289225657,0.0525821491612799,0.018832556815064,0.0183193739703679,0.0430248696039131,0.0380981937840989,0.00145990729588671,0.0874005283447625,0.000423168832092109,0.219788493040233
2020,"Falsedad",0.0261537665789173,2632,62,78,90,0,19,173,394,21,55,12,137,50,65,125,55,31,68,5,176,233,72,88,220,0,27,33,31,71,2,136,13,90,0.0425809553243364,0.095694014707434,0.0234459319875195,0,0.0033244331841421,0.0453755376542211,0.0422176344773634,0.00656840746146065,0.0738134157896291,0.00645801884126997,0.0218647399308883,0.0138890625021702,0.0207656718525471,0.0146926382359807,0.00319084971051451,0.00641786468532692,0.0339532463797351,0.00399141048463706,0.0298003495106901,0.0554175402460967,0.0107379075129112,0.0363663563266509,0.115896769693627,0,0.00876687989666771,0.0109916243822207,0.0127025805497267,0.0197443194063578,0.00145990729588671,0.0166477196847167,0.00550119481719741,0.0546435479934282
2020,"Falsificación",0.0992171615670773,14076,817,107,341,13,61,876,3719,112,123,72,397,227,164,1694,1462,525,218,5,1025,252,300,300,225,94,116,22,181,133,7,386,33,69,0.561107104838433,0.131272558637121,0.0888340311971571,0.0138418767881309,0.010673180222772,0.229762838064148,0.398495894977955,0.0350315064611235,0.165073638947716,0.0387481130476198,0.0633598668070266,0.0630563437598526,0.0523933874433496,0.19911463337401,0.0848185868504039,0.108689643864407,0.108850113393857,0.00399141048463706,0.173553171866235,0.0599365671331175,0.0447412813037967,0.123976214749946,0.118530787186664,0.0327332584182802,0.0376651136301279,0.00732774958814717,0.0741666799838882,0.0369858377612055,0.00510967553560349,0.04725014557574,0.0139645714590396,0.0418933867949616
2020,"Feminicidio",0.0070303961547479,947,3,4,31,3,28,30,78,24,7,12,19,13,19,70,151,21,35,12,67,36,52,11,15,27,26,30,15,11,9,72,6,10,0.00206036880601628,0.004907385369612,0.00807582101792337,0.00319427925879944,0.00489916469241994,0.00786859034466262,0.00835780581023945,0.00750675138452646,0.00939443473686188,0.00645801884126997,0.00303233619479472,0.00361115625056424,0.00606996561843685,0.00822787741214919,0.00876033284159439,0.0043475857545763,0.0174759356366284,0.00957938516312895,0.0113444512341832,0.00856236673330249,0.00775515542599143,0.00454579454083136,0.00790205247911092,0.00940210614142091,0.00844218064123557,0.00999238580201886,0.00614640994341615,0.00305897906295685,0.0065695828314902,0.00881349865661471,0.00253901299255265,0.00607150533260313
2020,"Fraude",0.547434383021577,73583,1607,976,1732,6,238,2783,14398,1107,1366,1242,2843,603,1163,7205,11406,1975,1521,171,3701,1558,2693,2764,447,1961,471,584,900,1175,64,3423,479,1021,1.10367089042272,1.19740203018533,0.451203935582041,0.00638855851759888,0.0416428998855695,0.729942897639869,1.54276523148497,0.346248907611283,1.83325683579333,0.668404950071442,0.453733252726389,0.167502093776172,0.371545790223266,0.846883667921927,0.661724214511427,0.408880088823247,0.759454231523193,0.136506238574587,0.626653940562864,0.370560204735702,0.401627568503749,1.14223419189617,0.235481163877506,0.682871486789867,0.152933349308537,0.194518443612634,0.368784596604969,0.326754581724936,0.0467170334683748,0.419008415299891,0.20269787057212,0.61990069445878
2020,"Homicidio",0.357541163271206,43276,221,118,3067,122,1065,2567,1761,390,657,314,4940,1469,539,2626,3575,2921,1033,308,1347,1651,1266,465,1364,967,1313,1712,832,1264,147,2182,153,920,0.151780502043199,0.144767868403554,0.79898526006358,0.129900689857844,0.186343228479544,0.673289047158298,0.188693538869637,0.121984709998555,0.881734803159751,0.168984826346564,0.788407410646628,0.408060656313759,0.172195340438814,0.308662944061482,0.207405231183443,0.604728475672256,0.515789757503917,0.245870885853643,0.228074265857384,0.392679652130067,0.188808207102022,0.192163132862417,0.718559972100487,0.336734690324223,0.426330122382396,0.570232149768543,0.340920871528149,0.351504503234314,0.107303186247673,0.267097973176851,0.0647448313100926,0.558578490599488
2020,"Hostigamiento sexual",0.0164229042175871,1753,79,12,209,0,14,161,0,18,36,10,39,15,56,60,104,84,62,0,43,43,63,0,35,33,2,12,221,30,1,292,0,19,0.0542563785584286,0.014722156108836,0.0544466642821285,0,0.00244958234620997,0.042228101516356,0,0.00563006353839484,0.0483142357895754,0.00538168236772497,0.00622426903142075,0.00416671875065105,0.017890424980656,0.00705246635327073,0.00603360672533653,0.0173903430183052,0.0309573716991702,0,0.00728076720999815,0.0102272713758891,0.00939566907379731,0,0.0184381224512588,0.0114914630617367,0.000649398510864275,0.00399695432080755,0.0905571064996646,0.00834267017170049,0.000729953647943356,0.0357436334407152,0,0.011535860131946
2020,"Incesto",3.03804028401714e-05,5,0,0,1,0,0,0,1,1,0,0,0,0,0,0,0,0,0,0,1,0,0,0,0,0,0,0,0,0,0,1,0,0,0,0,0.000260510355416883,0,0,0,0.000107151356541531,0.000312781307688602,0,0,0,0,0,0,0,0,0,0,0.000169320167674376,0,0,0,0,0,0,0,0,0,0,0.000122409703564093,0,0
2020,"Incumplimiento de obligaciones de asistencia familiar",0.197344704046648,17678,180,667,702,0,167,1559,443,243,784,102,1540,358,607,0,1995,110,247,300,420,123,273,555,488,398,108,1478,855,1175,34,1138,193,436,0.123622128360977,0.818306510382801,0.182878269502652,0,0.0292200179869332,0.408904411577634,0.0474680509478984,0.0760058577683304,1.05217669052853,0.0548931601507947,0.245778828420204,0.0994456875155384,0.193919427915325,0,0.115740821317754,0.0227730682382568,0.12333017434992,0.239484629078224,0.0711144704232378,0.0292547530054502,0.040714565986455,0.2293559972874,0.257080107320409,0.138594009047612,0.0350675195866708,0.492291540512796,0.350345366774721,0.326754581724936,0.0248184240300741,0.139302242655938,0.081671584593777,0.264717632501497
2020,"Lesiones",1.32061144104117,182000,4360,1770,7107,137,1186,5176,7907,4141,1781,2742,11152,2362,5592,10037,52705,7588,3451,221,5243,4854,5319,5644,2984,4279,2922,2417,4845,2865,308,8191,264,2450,2.99440266474366,2.17151802605331,1.85144709594779,0.145872086151841,0.207514618757502,1.35759412079912,0.847245776173889,1.2952273951385,2.39021260947872,1.47565730523019,1.77982174970267,0.656119312602519,1.78648672306836,1.17976007979631,3.05770425441213,1.57092765265357,1.72312725377156,0.176420343420958,0.887745639116752,1.15449244787362,0.793262917516316,2.33240585349565,1.57198163984447,1.49005971033852,0.948771224372705,0.805053216115986,1.98529041172342,0.796725001397397,0.224825723566554,1.00265788189349,0.111716571672317,1.48751880648777
2020,"Narcomenudeo",0.647387439009646,76741,2099,436,9916,111,1103,7995,5404,10072,1201,746,14932,766,363,1067,3941,2010,884,129,3869,254,1273,1134,1028,1357,269,2772,87,194,218,644,165,302,1.44157137460939,0.534905005287708,2.58322068431381,0.118188332575579,0.192992094847828,2.09697932685259,0.579045930750436,3.1503333310396,1.61181658842445,0.401473504632283,2.38309705582499,0.212780437533247,0.115968290499609,0.125416359982331,0.228638885620685,0.416126065080874,0.441392202936556,0.102978390503636,0.655099728732159,0.0604122541738565,0.189852170332444,0.468630091754797,0.541553996568402,0.472542890144747,0.0873440997112449,0.923296448106543,0.0356491776718137,0.0539492671103299,0.159129895251652,0.078831849095276,0.0698228572951979,0.183359461044615
2020,"Otros delitos contra el patrimonio",0.110772109831468,13333,232,131,830,45,468,612,4481,1073,231,120,61,9,146,0,102,316,366,2,81,469,287,47,260,1292,36,263,142,27,16,850,256,82,0.159335187665259,0.160716870854793,0.216223594996013,0.0479141888819916,0.0818860384304476,0.160519243031117,0.480145228662602,0.33561434314987,0.310016346316442,0.0645801884126997,0.00973539515170938,0.00250003125039063,0.0466428936995674,0,0.00591757582677237,0.0654208142117196,0.182748355514457,0.00159656419385482,0.0137149335816244,0.111548611053302,0.0428024924472989,0.0194229403108249,0.136968909637923,0.44990819017466,0.0116891731955569,0.087599915531032,0.0581860141310062,0.00750840315453045,0.0116792583670937,0.104048248029479,0.10833122101558,0.0497863437273457
2020,"Otros delitos contra la familia",0.094927364371955,12840,35,257,526,0,5,18,19,184,0,193,24,159,5,1081,6,0,370,11,5394,226,752,201,553,2,94,126,27,627,4,1785,36,120,0.0240376360701899,0.315299509997571,0.13702844694928,0,0.000874850837932133,0.00472115420679757,0.0020358757742891,0.0575517606147029,0,0.103866469697092,0.00383031940395123,0.0441672187569011,0.00159735937327286,0.127061935464761,0.000348092695692492,0,0.1847456053015,0.00878110306620153,0.913312984435582,0.0537526356035101,0.112151478468184,0.0830640638824639,0.291322334729889,0.000696452306771919,0.0305217300106209,0.0419680203684792,0.0110635378981491,0.17436180658854,0.00291981459177342,0.218501320861906,0.0152340779553159,0.0728580639912376
2020,"Otros delitos contra la sociedad",0.0336740559265293,8141,4,1,48,3,77,0,1793,0,118,14,0,0,13,12,4463,3,12,5,8,507,525,400,1,0,45,78,0,0,0,0,11,0,0.0027471584080217,0.001226846342403,0.0125044970600104,0.00319427925879944,0.0134727029041548,0,0.192122382278966,0,0.158363328421386,0.00753435531481496,0,0,0.00415313437050942,0.00141049327065415,0.258922950145932,0.000621083679225186,0.00599174936112972,0.00399141048463706,0.00135456134139501,0.120586664827343,0.0782972422816443,0.165301619666595,0.000526803498607395,0,0.0146114664944462,0.025980203085249,0,0,0,0,0.0046548571530132,0
2020,"Otros delitos del Fuero Común",0.916881000349258,160113,1349,703,6632,76,1184,1766,5151,1365,741,929,19445,2197,4299,10946,66205,3721,1722,678,3160,1194,1809,4063,1038,2259,182,1303,7148,982,267,4618,835,2146,0.926479173105319,0.862472978709309,1.72770467712477,0.0809217412229192,0.207164678422329,0.463197684955806,0.551936637545428,0.426946484994942,0.994468020002094,0.49995829196165,3.10335670040965,0.610285406345357,1.37340958914,1.28660494504836,3.84091281972024,0.770350790132305,0.859816033322115,0.541235261716785,0.535051729851027,0.283985163321199,0.269789926261894,1.67905120176344,0.546822031554476,0.786642880498883,0.059095264488649,0.434002623334353,2.92896921836924,0.27308340362033,0.194897624000876,0.565288011058982,0.353345974796911,1.30294504437663
2020,"Otros delitos que atentan contra la libertad personal",0.163660308337705,18810,441,183,607,17,180,699,1818,43,390,353,0,398,1753,986,2760,412,213,88,2083,201,244,105,615,606,1176,474,537,420,8,651,4,345,0.302874214484393,0.224512880659749,0.158129785738048,0.0181009157998635,0.0314946301655568,0.183338155030639,0.194801166192504,0.0134495962306099,0.523404221053734,0.189973387580692,0,0.110556937517275,0.560034196269463,0.115895530405416,0.160122640018546,0.0852954919469255,0.106353551160053,0.0702488245296123,0.352693909265724,0.0478065475942723,0.0363895754604213,0.0433916751624812,0.323984151643548,0.211025048951892,0.381846324388194,0.157879695671898,0.220041475974298,0.116797382403807,0.00583962918354685,0.0796887170202246,0.00169267532836843,0.209466933974808
2020,"Otros delitos que atentan contra la libertad y la seguridad sexual",0.0692158790103079,8039,405,92,223,20,681,337,772,31,51,249,25,0,42,335,97,129,74,131,761,29,766,54,226,295,33,74,547,116,2,1343,2,97,0.278149788812197,0.112869863501076,0.0580938092579649,0.0212951950586629,0.119154684126356,0.0883904982050434,0.0827208472500622,0.00969622053834667,0.0684451673685652,0.134003890956352,0.00398991604578253,0,0.013417818735492,0.0393762704724283,0.00562749858036196,0.026706598206683,0.0369491210603,0.104574954697491,0.1288526476002,0.0068974620907159,0.114239404929028,0.0223157186549903,0.119057590685271,0.102726715248858,0.0107150754292605,0.0246478849783132,0.224139082603242,0.0322583246639086,0.00145990729588671,0.164396231886577,0.000846337664184217,0.0588936017262504
2020,"Otros delitos que atentan contra la vida y la integridad corporal",0.100341777513178,10453,43,159,2008,15,139,473,339,43,0,69,191,18,301,0,1086,205,479,12,243,219,401,1022,282,244,556,258,646,209,8,181,363,241,0.0295319528862333,0.195068568442077,0.523104793677101,0.0159713962939972,0.0243208532945133,0.124061441100847,0.0363243098675791,0.0134495962306099,0,0.0371336083373023,0.0304829585897785,0.00500006250078126,0.0961610342710259,0,0.0630047779203411,0.0424407180803877,0.239170661998428,0.00957938516312895,0.0411448007448733,0.0520877309609235,0.0598041793427416,0.42234563824815,0.148558586607285,0.0849671814261741,0.180532786020268,0.0859345178973622,0.264705388229789,0.0581206021961801,0.00583962918354685,0.0221561563451009,0.153610286049435,0.146323278515736
2020,"Rapto",0.000739224824286821,128,0,0,0,0,0,0,12,0,0,0,0,0,5,0,0,0,5,0,104,0,0,0,0,0,0,2,0,0,0,0,0,0,0,0,0,0,0,0,0.00128581627849838,0,0,0,0,0,0.00159735937327286,0,0,0,0.00249656223380405,0,0.0176092974381351,0,0,0,0,0,0,0.000666159053467924,0,0,0,0,0,0
2020,"Robo",4.32934929804658,604275,10417,5690,27993,925,3431,12914,77962,6357,6415,8712,34398,5917,11588,53455,136258,13940,15100,745,16091,10344,25548,22760,15510,12774,6660,9250,12961,8641,2615,22429,583,5892,7.15428728409052,6.98075568827307,7.29246637918481,0.984902771463161,0.600322644989029,3.38716585703243,8.35373405869087,1.98835077297645,8.60932840528128,4.688521678762,5.4898052857131,1.64363165650682,3.70204008349717,6.28315981523478,7.90506908827793,2.88596882946636,7.53961794608824,0.594720162210922,2.72453081804838,2.46025337470225,3.81016751583133,9.40566215902925,8.1707222634007,4.44824088335225,2.16249704117803,3.08098562228915,5.31090795177445,2.40296709845547,1.90882878937187,2.74552724123905,0.246707429109699,3.57733094196977
2020,"Secuestro",0.0066853946873317,833,12,5,14,2,13,20,68,8,7,1,14,22,22,13,155,48,57,3,16,31,27,9,11,16,11,3,32,21,15,122,0,35,0.00824147522406511,0.006134231712015,0.00364714497583636,0.00212951950586629,0.00227461217862354,0.00524572689644174,0.00728629224482413,0.00250225046150882,0.00939443473686188,0.000538168236772497,0.00223435298563822,0.00611118750095487,0.00702838124240056,0.00152803437654199,0.00899239463872271,0.00993733886760297,0.0284608094653662,0.00239484629078224,0.00270912268279001,0.00737314913145492,0.00402671531734171,0.00371928644249839,0.00579483848468134,0.00557161845417535,0.00357169180975351,0.000999238580201886,0.0131123412126211,0.00583986912019035,0.0109493047191503,0.0149339838348194,0,0.021250268664111
2020,"Tráfico de menores",0.000174131204805159,21,0,0,3,0,1,3,1,0,0,0,2,1,1,1,1,1,0,0,1,0,0,0,3,1,1,0,0,0,0,0,0,0,0,0,0.000781531066250649,0,0.000174970167586427,0.000786859034466262,0.000107151356541531,0,0,0,0.000319193283662602,0.000277781250043403,0.000319471874654571,0.000117541105887846,5.8015449282082e-05,0.000207027893075062,0,0,0.000169320167674376,0,0,0,0.00158041049582218,0.00034822615338596,0.000324699255432137,0,0,0,0,0,0,0
2020,"Trata de personas",0.00405531219030227,558,2,3,54,0,5,30,113,11,0,1,3,17,9,17,90,11,1,5,48,14,13,3,23,17,7,1,3,5,15,8,20,9,0.00137357920401085,0.003680539027209,0.0140675591925117,0,0.000874850837932133,0.00786859034466262,0.012108103289193,0.00344059438457463,0,0.000538168236772497,0.000478789925493904,0.00472228125073786,0.00287524687189114,0.00199819880009337,0.00522139043538738,0.00227730682382568,0.00049931244676081,0.00399141048463706,0.00812736804837003,0.00332980928517319,0.00193878885649786,0.00123976214749946,0.0121164804679701,0.00591984460756131,0.00227289478802496,0.000333079526733962,0.00122928198868323,0.00139044502861675,0.0109493047191503,0.000979277628512745,0.00846337664184217,0.00546435479934282
2020,"Violación",0.148230732610051,16543,295,229,865,202,460,1081,1505,272,151,242,569,350,704,369,1949,438,432,151,1106,679,756,565,635,633,229,259,275,417,38,408,35,244,0.202602932591601,0.280947812410287,0.225341457435604,0.215081470092496,0.0804862770897562,0.283531538752676,0.161262791595005,0.0850765156912999,0.202651377895163,0.130236713298944,0.0908104892020104,0.0972234375151912,0.224908199756818,0.043372668072615,0.113072110650778,0.0906782171668771,0.21570297700067,0.120540596636039,0.187268105447859,0.1614957503309,0.112748028885568,0.233488537779065,0.334520221615696,0.220427155093312,0.0743561294939595,0.0862675974240962,0.112684182295963,0.115963115386637,0.0277382386218475,0.04994315905415,0.0148109091232238,0.148144730115516
2020,"Violencia de género en todas sus modalidades distinta a la violencia familiar",0.0168455114012667,4050,6,6,0,0,1,32,0,521,0,1,0,321,0,0,1989,0,0,0,0,2,0,18,0,0,0,9,0,0,0,1144,0,0,0.00412073761203255,0.007361078054418,0,0,0.000174970167586427,0.00839316303430679,0,0.162959061305762,0,0.000538168236772497,0,0.0891677812639325,0,0,0.115392728622061,0,0,0,0,0.000475687040739027,0,0.00743857288499677,0,0,0,0.00299771574060566,0,0,0,0.140036700877323,0,0
2020,"Violencia familiar",1.87090674975876,220028,2153,2490,10781,45,4474,11293,27765,9281,4338,5219,10035,2996,5724,11892,16915,1185,4946,864,17940,6476,9124,3552,4813,7781,5138,5450,6445,6467,18,10386,726,3316,1.47865801311768,3.05484739258347,2.80856214174942,0.0479141888819916,0.782816529781672,2.96199969207583,2.97505741437562,2.90292331665792,5.82186541264384,2.80870002771566,1.60155230077711,0.832232625130036,1.82865701052276,1.39779883121826,0.981331324606417,0.245328053293948,2.46959936167897,0.689715731745284,3.0376038080783,1.54027463791297,1.3607315020528,1.46787838263936,2.53550523879739,2.70954769949615,1.66830477441032,1.81528342070009,2.64090747235447,1.7984016000129,0.0131391656629804,1.27134718121667,0.307220572098871,2.0133111682912
2021,"Aborto",0.00480266244955224,703,14,14,34,1,9,6,102,4,0,0,23,5,19,11,149,18,10,3,119,8,5,37,5,9,8,11,5,44,0,24,0,6,0.00950670392389204,0.0168303215072274,0.00874052841635764,0.00106192735567345,0.00155559892027607,0.00155767647630735,0.011000092853725,0.00123729835903305,0,0,0.00364560647358267,0.0013895327057092,0.00601656709248129,0.00128303120086938,0.00861717478117292,0.00370172564166843,0.00497940022128455,0.00237166899090228,0.0198435659988668,0.00189513372300441,0.000739792710082635,0.0150242580858933,0.00258169382866744,0.00311872573024963,0.00258320920474936,0.00363738932002975,0.00204770916632436,0.012148205903255,0,0.00294616473185482,0,0.0036244950625316
2021,"Abuso de confianza",0.254887600510677,30497,711,267,518,75,82,1005,5328,659,459,729,1561,324,445,1432,4211,595,723,23,1096,490,1546,715,2794,852,312,203,745,563,21,1392,279,342,0.48280474927766,0.320978274459266,0.133164521166861,0.079644551675509,0.0141732346069598,0.260910809781481,0.574593085535751,0.203844904650695,0.613378056032553,0.389800800562083,0.247425726315763,0.0900417193299562,0.14091433453443,0.167027334513178,0.243536395996773,0.122362597599595,0.360010635998873,0.0181827955969175,0.182760910376117,0.11607694053402,0.228743905957551,0.290333635984154,1.44265051145936,0.295239369130298,0.100745158985225,0.0671263665423672,0.305108665782329,0.155441816443922,0.0152103923194762,0.170877554447579,0.116697242180657,0.206596218564301
2021,"Abuso sexual",0.207076653374234,27718,0,313,1297,96,207,1691,3932,828,342,548,1274,355,655,2378,4071,571,550,0,1653,546,828,678,966,648,407,718,235,701,33,879,59,259,0,0.376277902268727,0.333425451647525,0.101945026144651,0.0357787751663497,0.439005153572622,0.424042795106339,0.256120760319842,0.457026786847785,0.293018983138575,0.201934897710623,0.0986568221053533,0.207413233977644,0.277368017787945,0.235439721705738,0.117426963410704,0.27386701217065,0,0.27564213946325,0.129342876595051,0.122509672789684,0.275309377898261,0.498783247698549,0.224548252577973,0.131420768291624,0.237422321071033,0.0962423308172448,0.193543007685949,0.0239020450734626,0.107903283304183,0.0246779114288845,0.156457370199281
2021,"Acoso sexual",0.049770204185416,7060,0,119,0,16,88,0,1424,347,0,95,234,99,0,277,1431,181,34,13,586,233,260,691,258,262,99,81,0,99,4,0,7,122,0,0.143057732811433,0,0.0169908376907752,0.0152103005538105,0,0.153569923761807,0.107335632646117,0,0.0507970864930012,0.0370900832529715,0.0275127475730422,0,0.0323090584218926,0.0827595779319359,0.0372229078412215,0.0169299607523675,0.0102772322939099,0.0977170560952598,0.0551957696825035,0.038469220924297,0.280588171279791,0.13321540155924,0.0907895712583781,0.0319672139087733,0.0267844122656736,0,0.0273334632823238,0.00289721758466213,0,0.00292788779664732,0.0736980662714759
2021,"Allanamiento de morada",0.130018115333284,13874,576,189,1906,86,97,1037,910,722,226,184,414,200,286,267,1687,281,379,45,445,294,405,274,245,553,69,429,467,233,62,625,74,207,0.39113296144013,0.22720934034757,0.489983740046402,0.091325752587917,0.0167658994740866,0.269218417655121,0.0981380833028404,0.223332353805466,0.302011853297074,0.0983859359443392,0.065620916524488,0.055581308228368,0.0905651678131394,0.0311426664211023,0.0975649252069712,0.057788050294935,0.188719268386684,0.0355750348635342,0.0742049316764345,0.0696461643204122,0.0599232095166934,0.11126072204148,0.126502997604704,0.191628369869783,0.0222801793909632,0.14185818348116,0.191256036134695,0.0643302721695094,0.044906872562263,0.0767230398920525,0.0309519567074145,0.12504507965734
2021,"Amenazas",1.09236318327664,119891,3543,1504,4684,516,512,3747,16819,5403,2749,1274,9912,2184,2301,10250,0,4498,4647,96,5954,4377,5784,3993,2664,2834,1311,1368,4834,1808,25,7137,1898,1265,2.40587514302497,1.808057396205,1.20413632653586,0.547954515527502,0.0884962941312611,0.972768959453941,1.81382903634118,1.67128075846389,3.67358665802503,0.681215665179827,1.57109788548484,0.606947885853779,0.728637941042076,1.19555180081011,0,0.925020107568034,2.31392728283093,0.0758934077088729,0.992845310565148,1.03687503819879,0.855792207023592,1.62140169018843,1.37552647191401,0.982052079947495,0.423323408428301,0.452358962709154,1.97972522200239,0.499180824388296,0.0181076099041383,0.876115737135326,0.793875862576658,0.764164375683746
2021,"Contra el medio ambiente",0.0116769856634742,2095,62,4,9,3,70,102,897,3,9,0,6,9,0,35,346,101,8,1,2,0,27,3,95,100,0,1,0,7,0,185,2,8,0.0421011173772362,0.00480866328777926,0.00231366928668291,0.00318578206702036,0.0120991027132584,0.026480500097225,0.0967361106842284,0.000927973769274789,0.0120270207065207,0,0.000951027775717218,0.00250115887027656,0,0.00408237200276622,0.020010352176415,0.0207707938782507,0.00398352017702764,0.000790556330300759,0.000333505310905324,0,0.00399488063444623,0.0012181830880454,0.0490521827446813,0.0346525081138848,0,0.000330671756366341,0,0.00193266912097239,0,0.0227100198080475,0.000836539370470662,0.00483266008337547
2021,"Corrupción de menores",0.0228343546071089,2602,48,51,770,3,69,76,300,37,37,1,286,9,25,117,80,28,32,16,155,22,30,0,132,16,55,87,39,23,0,21,6,31,0.0325944134533441,0.0613104569191856,0.197947261193982,0.00318578206702036,0.0119262583887832,0.0197305686998931,0.0323532142756617,0.0114450098210557,0.0494444184601405,0.000534706173610539,0.045332323975854,0.00250115887027656,0.00791653564800169,0.0136467864092471,0.00462667102344855,0.00575823988703979,0.0159340807081105,0.0126489012848121,0.0258466615951626,0.00521161773826213,0.00443875626049581,0,0.0681567170768204,0.00554440129822156,0.0177595632826518,0.0287684428038716,0.01597213149733,0.00635019854033784,0,0.00257789414037296,0.00250961811141199,0.0187265578230799
2021,"Daño a la propiedad",1.2297863424017,137986,4244,1410,7912,642,1019,8501,10949,6835,3232,2796,10784,1901,2281,7583,14229,3591,2703,153,6958,2633,4325,1526,4415,5563,2222,2780,2370,3542,144,7281,1238,2224,2.88188938949985,1.69505380894219,2.03397237735946,0.681757362342357,0.176128366640147,2.20696795418147,1.18078447701407,2.11423357099773,4.31903676927497,1.49503846141507,1.70931392222241,0.528300334710638,0.722304712523674,0.88447505419932,0.822911274908117,0.738494265512852,1.34593187981321,0.120955118536016,1.16026497663962,0.623735886583827,0.639920694221479,0.619649130785761,2.27963565071335,1.92771902637541,0.717486356619135,0.919267482698427,0.970614144837746,0.977930575212028,0.104299833047837,0.893792725526455,0.51781787032134,1.34347950317838
2021,"Delitos cometidos por servidores públicos",0.149592621883081,21520,532,284,915,22,140,1374,5126,618,263,94,162,169,410,489,3819,292,45,12,2071,358,1202,1,591,644,194,111,227,456,0,560,9,330,0.361254749107898,0.341415093432328,0.235223044146095,0.023362401824816,0.0241982054265167,0.356707913074383,0.552808587923473,0.191162596470606,0.351456271757215,0.0502623803193907,0.0256777499443649,0.046966205452971,0.129831184627228,0.057036568838648,0.220865707981875,0.0600502159648435,0.0224073009957805,0.00948667596360911,0.345344749442463,0.0848072341044474,0.177846167503865,0.000406061029348467,0.305156210548491,0.223162152253418,0.062642823215172,0.0367045649566638,0.0929659961511259,0.125899588451915,0,0.0687438437432791,0.00376442716711798,0.199347228439238
2021,"Despojo",0.247338054887506,32608,392,357,1553,49,151,960,4437,468,465,420,1422,495,839,1674,4921,936,1243,58,1406,1039,1822,912,813,657,568,328,602,589,43,2581,30,378,0.266187709868977,0.429173198434299,0.399236489135395,0.0520344404279992,0.026099492995743,0.249228236209176,0.478504039137036,0.144763908006867,0.6213960698369,0.224576592916426,0.225393582844981,0.137563737865211,0.265678936346937,0.195254020932304,0.284598101329879,0.192489733366759,0.618939447505669,0.045852267157444,0.234454233566442,0.246130492275198,0.269580463554112,0.370327658765802,0.419783416541325,0.227666978308223,0.183407853537205,0.10846033608816,0.246544183625453,0.162620301750391,0.0311450890351179,0.31683546553822,0.0125480905570599,0.228343188939491
2021,"Electorales",0.0251470929670366,3445,67,10,55,4,28,64,533,88,29,7,43,13,73,6,299,103,8,2,549,305,150,60,69,31,42,1,55,208,0,366,3,174,0.0454963687786262,0.0120216582194482,0.0141390900852844,0.00424770942269381,0.00483964108530334,0.0166152157472784,0.0574808773630923,0.0272205638987271,0.0387537333876777,0.00374294321527377,0.00681569905930673,0.00361278503484392,0.0231162840921649,0.000699835200474208,0.0172921829501389,0.0211820967273249,0.00398352017702764,0.00158111266060152,0.0915472078435113,0.0722519731895432,0.022193781302479,0.024363661760908,0.0356273748356106,0.0107422775153043,0.0135618483249341,0.000330671756366341,0.0225248008295679,0.0574278824517509,0,0.044929012160786,0.00125480905570599,0.105110356813416
2021,"Evasión de presos",0.000744957713621412,110,0,0,4,0,3,2,13,1,0,2,6,0,4,6,24,0,4,0,9,3,4,2,1,2,4,2,8,3,0,0,0,3,0,0,0.00102829746074796,0,0.000518532973425358,0.00051922549210245,0.00140197261861201,0.000309324589758263,0,0.00106941234722108,0.000951027775717218,0,0.00126664570368027,0.000699835200474208,0.00138800130703456,0,0.00199176008851382,0,0.00150077389907396,0.000710675146126655,0.000591834168066108,0.000812122058696934,0.000516338765733488,0.000693050162277695,0.00129160460237468,0.000661343512732681,0.00327633466611897,0.000828286766131023,0,0,0,0.0018122475312658
2021,"Extorsión",0.0582600436147211,8828,88,99,169,33,49,20,532,36,93,96,291,212,108,565,3302,61,151,14,601,125,117,257,109,122,61,80,104,96,4,744,3,486,0.0597564246644643,0.119014416372537,0.0434455677166012,0.0350436027372239,0.00846937189928085,0.0051922549210245,0.0573730333155067,0.0111356852312975,0.12427921396738,0.0513317926666118,0.0461248471222851,0.0589161867220701,0.0341994339993673,0.0659011480446546,0.190965846492839,0.0125447368967652,0.0751889433413966,0.0110677886242106,0.10021834592705,0.0296114644219439,0.0173111494159337,0.104357684542556,0.0562809254649502,0.0422760598989394,0.0196969701862139,0.0264537405093073,0.0425923506595466,0.0265051765161927,0.00289721758466213,0.0913311066874993,0.00125480905570599,0.29358410006506
2021,"Falsedad",0.038476731124834,3800,76,122,152,3,16,222,461,13,79,28,220,79,87,114,102,31,105,5,217,372,128,144,341,0,60,65,43,118,1,244,8,144,0.0516078213011282,0.146664230277268,0.0390753035084224,0.00318578206702036,0.00276550919160191,0.057634029623372,0.0497161059369335,0.00402121966685742,0.10557051509057,0.0149717728610951,0.0348710184429646,0.0219546167502054,0.0275495440550459,0.01329686880901,0.0058990055548969,0.00637519416065119,0.0522837023234877,0.0039527816515038,0.0361853262332276,0.0881237181197052,0.0189386933781155,0.0584727882261792,0.176071519115119,0,0.0193740690356202,0.0214936641638121,0.0176102988303895,0.0325792794678202,0.000724304396165533,0.0299526747738573,0.00334615748188265,0.0869878815007584
2021,"Falsificación",0.113800283553817,15187,848,99,437,42,69,1308,2628,125,216,128,575,223,193,1464,1619,856,170,7,1681,353,417,213,259,151,167,55,232,107,3,430,17,95,0.575834637675747,0.119014416372537,0.112341497586714,0.044600948938285,0.0119262583887832,0.339573471835003,0.283414157054796,0.0386655737197829,0.288648496956496,0.068442390222149,0.0911401618395667,0.0619731586746304,0.0611156552025731,0.170759788915707,0.09363225483704,0.176037619403788,0.0846498037618373,0.00553389431210531,0.280311213815924,0.0836227755275697,0.0616987120208917,0.0864909992512235,0.133731740324973,0.052325287251966,0.0539244921491429,0.0181869466001487,0.0950137053174502,0.0295422279920065,0.0021729131884966,0.0527854514457321,0.00711058464900063,0.0573878384900837
2021,"Feminicidio",0.00744843348781829,985,9,7,20,7,46,44,68,22,4,10,30,17,21,77,145,28,23,7,66,43,37,9,25,24,40,42,15,5,11,67,5,11,0.00611145252250203,0.00841516075361371,0.00514148730373979,0.00743349148971417,0.00795083892585549,0.0114229608262539,0.00733339523581665,0.00680514097468178,0.0053453425362314,0.00534706173610539,0.00475513887858609,0.00472441119941128,0.00664988994432142,0.00898121840608567,0.00838584123000049,0.00575823988703979,0.0114526205089545,0.00553389431210531,0.0110056752598757,0.0101863437611487,0.0054744660546115,0.0036545492641362,0.0129084691433372,0.00831660194733235,0.0129160460237468,0.0138882137673863,0.00614312749897307,0.0013804779435517,0.00796734835782086,0.00822470987642803,0.00209134842617666,0.00664490761464127
2021,"Fraude",0.688581988120123,95207,2305,1086,2424,142,242,4144,18938,1575,1342,1818,3693,716,1402,8013,14141,2370,1801,159,5802,1902,4769,3500,363,2397,664,622,1352,1556,71,4171,465,1262,1.5652108960408,1.30555208263207,0.623148261213262,0.15079368450563,0.0418283265229789,1.07583521963628,2.04235057317494,0.487186228869264,1.79336242090563,0.97209582362396,0.585357595953947,0.198981083457558,0.443959319139935,0.934629910233305,0.817821936782324,0.48739387615301,0.896789979853347,0.125698456517821,0.967498906936344,0.450568042644299,0.705614286876817,1.42121360271963,0.187430971961256,0.830620619489818,0.214406363994197,0.205677832459864,0.553700558574106,0.429604736033291,0.0514256121277528,0.512018879023602,0.194495403634429,0.76235212815248
2021,"Homicidio",0.374834610954014,43975,220,120,3225,172,1166,2388,1537,361,620,369,3673,1546,530,2734,3718,3237,1323,375,1688,1721,1171,532,1494,853,1228,1968,837,1251,156,2064,231,1467,0.149391061661161,0.144259898633378,0.829064827728041,0.182651505175834,0.201536482337989,0.619955237570326,0.165756301138973,0.111666176902733,0.828528093115867,0.197306578062289,0.582187503368223,0.429643512605285,0.167830555737636,0.318891573016081,0.215024535814771,0.665693661226707,0.658774649275945,0.296458623862785,0.281478482404093,0.407690642161324,0.173259452701353,0.216024467613384,0.771410116005831,0.295585894211437,0.396522612929027,0.650762016528958,0.342786514442698,0.345395581476637,0.112991485801823,0.253370166939514,0.0966202972893615,0.886189042788976
2021,"Hostigamiento sexual",0.0198545335466932,2077,115,17,212,3,32,221,0,17,57,10,47,11,81,79,113,42,64,0,56,60,55,6,44,45,8,9,212,29,0,408,2,22,0.0780907822319704,0.0204368189730619,0.0544997654196418,0.00318578206702036,0.00553101838320382,0.0573744168773208,0,0.00525851802589047,0.0761711311412974,0.00534706173610539,0.00744971757645154,0.00305697195256024,0.0256495754995255,0.00921449680624374,0.00653517282062107,0.00863735983055968,0.0318681614162211,0,0.00933814870534906,0.0142135029225331,0.00813771981090898,0.0024363661760908,0.0227189056922735,0.0155936286512481,0.00258320920474936,0.00297604580729707,0.0868228686521528,0.00800677207259989,0,0.0500848004415319,0.000836539370470662,0.0132898152292825
2021,"Incesto",7.62963977394665e-05,10,0,0,0,0,0,2,0,2,0,0,3,0,0,0,0,0,0,0,1,0,0,0,0,0,0,2,0,0,0,0,0,0,0,0,0,0,0,0.00051922549210245,0,0.000618649179516526,0,0,0.000475513887858609,0,0,0,0,0,0,0,0.000166752655452662,0,0,0,0,0,0,0.000661343512732681,0,0,0,0,0,0
2021,"Incumplimiento de obligaciones de asistencia familiar",0.24291049334522,23285,231,721,973,39,289,1879,848,235,757,111,2082,517,788,0,2705,140,286,470,555,159,291,549,600,499,150,2267,1107,1653,59,1536,172,617,0.156860614744219,0.866761557622212,0.250133357326941,0.0414151668712647,0.0499520097733095,0.487812349830252,0.091451752352537,0.0726912785931918,1.01160607498179,0.0593523852707699,0.330006638173874,0.143677681770331,0.249529203625013,0,0.156439313980354,0.0287911994351989,0.142410846328738,0.371561475241357,0.0925477237762273,0.0376657827447127,0.0430559357268093,0.222927505112308,0.309803259440093,0.172916015488285,0.0484351725890505,0.749632871682494,0.453362809424213,0.456386008138194,0.0427339593737664,0.188554542838708,0.071942385860477,0.372718908930333
2021,"Lesiones",1.46303984863842,200961,4491,1932,6824,784,1327,6213,8993,4489,1872,3858,12489,2776,5446,10598,57692,7798,3633,266,6528,4744,6709,5791,3963,4511,3517,3106,5578,3286,317,8686,280,2464,3.04961480872851,2.32258436799738,1.75427546803602,0.832551046847987,0.229364418578483,1.61297399121626,0.969841519936752,1.38855808342484,2.5016203069563,2.06289641778946,1.97956431515539,0.771468558209748,1.72453812556069,1.23614224243761,3.33652380855992,1.60366980854058,1.80901610039268,0.210287983860002,1.08856133479498,1.12381429774162,0.992653858388879,2.35149942095697,2.04625052860181,1.56317464101734,1.13564334663794,1.02706647527385,2.28442434595145,0.90725010450218,0.229604493584474,1.06626611920379,0.117115511865893,1.48845930567964
2021,"Narcomenudeo",0.654387945302538,82275,1113,435,8051,145,1487,5101,4923,9724,1420,955,23976,1073,786,1134,3576,2514,765,182,4369,281,1740,1154,1279,1022,145,3013,48,164,186,977,223,314,0.755782961949418,0.522942132545995,2.06970571412045,0.153979466572651,0.257019510494502,1.3242846176073,0.530916246263608,3.00787231080935,1.89759660036215,0.510644395798065,3.800306991766,0.298193718645195,0.248895880773173,0.132268852889625,0.20681219474815,0.517007681286358,0.380924116928268,0.143881252114738,0.728542351672679,0.06656657202053,0.257447863108757,0.468594427868131,0.660397281373131,0.354148632923902,0.0468206668360821,0.996314001931784,0.0196580079967138,0.0452796765484959,0.134720617686789,0.119933455959257,0.0932741398074788,0.189681908272487
2021,"Otros delitos contra el patrimonio",0.120334877631829,14036,191,102,986,89,154,832,3990,1424,245,48,202,0,151,0,138,349,468,6,110,598,288,49,258,1738,35,235,189,30,15,832,165,119,0.129698603533099,0.122620913838371,0.253475324074372,0.0945115346549373,0.0266180259691684,0.215997804714619,0.4302977498663,0.440478215815766,0.327402230344173,0.0256658963333059,0.032017935115813,0,0.0478158753139302,0,0.00798100751544874,0.0717723471634602,0.233035930356117,0.00474333798180456,0.0183427920997928,0.14166124579458,0.0426120601007598,0.0198969904380749,0.13321540155924,0.602260591019317,0.0113015402707784,0.0777078627460901,0.0774034064870607,0.00828286766131023,0.010864565942483,0.1021337107043,0.0690144980638296,0.0718858187402101
2021,"Otros delitos contra la familia",0.108259578778941,14203,31,262,533,1,2,33,14,219,0,613,41,148,7,926,11,0,376,9,6161,248,637,256,634,5,142,120,19,768,3,1831,36,117,0.0210505586886181,0.314967445349542,0.137020636644665,0.00106192735567345,0.000345688648950239,0.00856722061969043,0.00150981666619755,0.0677420851570596,0,0.327774884423261,0.00649868980073432,0.0411301680889923,0.00221662998144047,0.108007899273186,0.000636167265724175,0,0.187225448320299,0.00711500697270683,1.02736311024385,0.0587491454131368,0.0942495912645277,0.103951623513208,0.327358777475031,0.00173262540569424,0.0458519633843011,0.0396806107639609,0.00778129483203256,0.212041412129542,0.0021729131884966,0.224767817667757,0.0150577086684719,0.0706776537193662
2021,"Otros delitos contra la sociedad",0.0351870168242175,8391,2,2,42,2,107,1,1672,0,115,9,0,0,22,6,4614,5,16,7,0,493,614,479,2,0,82,92,0,0,0,1,6,0,0.00135810056055601,0.00240433164388963,0.0107971233378536,0.00212385471134691,0.0184943427188378,0.000259612746051225,0.180315247563021,0,0.153678597916653,0.00481235556249485,0,0,0.00696655137024149,0.000699835200474208,0.266843251277395,0.00102825712268568,0.00796704035405527,0.00553389431210531,0,0.116787615680147,0.0908465447981476,0.194503233057916,0.00103267753146698,0,0.0264778943486809,0.0304218015857033,0,0,0,0.000122756863827284,0.00250961811141199,0
2021,"Otros delitos del Fuero Común",1.07003121768511,195966,2021,833,6525,193,1237,1765,7024,2178,811,1153,17046,1001,10109,11068,90573,2766,1609,844,4935,1419,1873,4087,1175,2477,339,1850,7400,1347,225,6596,1775,1712,1.37236061644184,1.00140412968003,1.67741023284511,0.204951979644976,0.213808429375723,0.458216496780413,0.757496590240825,0.673708956493496,1.08376819922092,0.616516218172952,2.70186991081262,0.278184447682982,3.20113035462596,1.29096266647476,5.23814343258507,0.568831840269716,0.801185495604683,0.667229542773841,0.822924354658886,0.336149344117908,0.277126349196955,1.65957142694718,0.606698049736848,0.858342625980926,0.109463490051254,0.61174274927773,3.03060956616005,0.371900757992829,0.162968489137245,0.809704273804766,0.742428691292713,1.03418925784235
2021,"Otros delitos que atentan contra la libertad personal",0.174700271227937,21151,387,245,654,49,191,651,1967,55,364,182,0,352,1632,823,4330,346,237,53,2526,204,253,139,952,687,1251,665,582,386,2,524,4,458,0.262792458467587,0.29453062637648,0.168126634832291,0.0520344404279992,0.0330132659747478,0.169007897679348,0.212129241600755,0.0170128524367045,0.486426170797057,0.0973165235971181,0,0.0978231024819277,0.51679144710155,0.0959940616650456,0.250418569144153,0.0711553928898488,0.118011785244444,0.0418994855059402,0.421217207673424,0.0483259099366125,0.0374335111301813,0.0564424830794369,0.49155450497828,0.238062730742388,0.403949339392681,0.219896717983617,0.238353346960155,0.106572897242192,0.00144860879233107,0.0643245966454968,0.00167307874094132,0.276669789773246
2021,"Otros delitos que atentan contra la libertad y la seguridad sexual",0.0911172283447044,11467,506,93,324,25,754,375,1641,61,49,297,25,0,159,1214,101,250,69,116,835,43,1133,51,483,294,48,102,702,60,14,1499,0,144,0.34359944182067,0.111801421440868,0.0832920943205846,0.0265481838918363,0.13032462065424,0.0973547797692095,0.176972082087869,0.018868799975254,0.0654804460688346,0.15880773356233,0.00396261573215507,0,0.0503491667212908,0.141599988895948,0.00584117216710379,0.0514128561342838,0.0343578615268634,0.0917045343148881,0.139238467302973,0.0101863437611487,0.167637028104725,0.0207091124967718,0.249391623849275,0.101878373854821,0.0154992552284962,0.0337285191493667,0.28749836695194,0.0165657353226205,0.0101402615463175,0.184012538877099,0,0.0869878815007584
2021,"Otros delitos que atentan contra la vida y la integridad corporal",0.115924395425281,12548,54,145,2463,50,132,403,966,44,0,16,763,39,158,0,1090,252,533,8,317,196,274,1333,348,266,559,361,638,259,10,157,287,427,0.0366687151350122,0.174314044181998,0.633174161455555,0.0530963677836727,0.0228154508307158,0.104623936658644,0.104177349967631,0.0136102819493636,0,0.00855529877776863,0.120939032145373,0.0108383551045318,0.0500325052953707,0,0.0630383926944865,0.0518241589833581,0.265402031794466,0.00632445064240607,0.0528605917784938,0.0464307762136081,0.0405406405125284,0.541279352121506,0.179685890475254,0.0921756715829335,0.180501743181861,0.119372504048249,0.261287689622988,0.0715087574759783,0.00724304396165533,0.0192728276208836,0.12004339966254,0.257943231950166
2021,"Rapto",0.000682212493999086,126,0,0,0,0,0,0,11,0,0,0,0,0,1,0,0,0,2,0,108,0,0,0,0,0,0,4,0,0,0,0,0,0,0,0,0,0,0,0,0.00118628452344093,0,0,0,0,0,0.000316661425920068,0,0,0,0.000995880044256909,0,0.0180092867888875,0,0,0,0,0,0,0.00132268702546536,0,0,0,0,0,0
2021,"Robo",4.37433765829609,609271,10103,5068,30839,1732,2839,14426,79567,7136,8048,7755,30811,6200,10774,52079,138845,12917,14830,850,14218,10650,28538,21867,15692,14108,7535,8929,11927,8813,3003,22697,352,6123,6.86044498164867,6.09257638561633,7.92791634800157,1.83925818002642,0.490705037184864,3.74517347453498,8.58082733423858,2.20734027251496,10.7548291828976,4.14664637634973,4.8836861329372,1.72302055507941,3.41171020286281,6.07445290091605,8.02987672813392,2.65639945074618,7.38445052816498,0.671972880755645,2.37088925522594,2.52289676874962,4.22244087206765,8.87933652876293,8.10238791188989,4.88877584470686,2.4330601697233,2.95256811259506,4.88460544535012,2.43323042330423,2.17508610168509,2.78621253828787,0.147230929202837,3.6987972113135
2021,"Secuestro",0.00496044874320687,628,3,5,15,1,10,33,48,3,7,0,11,14,28,19,130,28,22,7,19,27,19,15,15,14,5,11,16,23,10,52,1,17,0.00203715084083401,0.00601082910972408,0.00385611547780484,0.00106192735567345,0.00172844324475119,0.00856722061969043,0.00517651428410587,0.000927973769274789,0.00935434943840495,0,0.00174355092214823,0.00389069157598576,0.0088665199257619,0.00221614480150166,0.00751834041310389,0.00575823988703979,0.010954680486826,0.00553389431210531,0.00316830045360057,0.00639607631513989,0.00281121229831401,0.006090915440227,0.00774508148600231,0.00485135113594387,0.00161450575296835,0.00363738932002975,0.00655266933223795,0.00635019854033784,0.00724304396165533,0.00638335691901877,0.000418269685235331,0.0102694026771729
2021,"Tráfico de menores",0.000241923161216315,29,0,0,3,0,2,2,2,0,0,0,1,4,2,1,0,0,0,0,0,1,0,0,1,4,2,0,1,2,0,1,0,0,0,0,0.000771223095560968,0,0.000345688648950239,0.00051922549210245,0.000215688095171078,0,0,0,0.000158504629286203,0.00111162616456736,0.000633322851840135,0.000116639200079035,0,0,0,0,0,0.000236891715375552,0,0,0.000516338765733488,0.00138610032455539,0.00064580230118734,0,0.000409541833264872,0.000552191177420682,0,0.000122756863827284,0,0
2021,"Trata de personas",0.003777232295194,625,5,6,58,3,3,23,74,12,0,0,0,4,10,13,178,7,3,1,91,13,49,4,18,12,5,1,2,4,2,11,5,8,0.00339525140139002,0.00721299493166889,0.0149103131808454,0.00318578206702036,0.000518532973425358,0.00597109315917818,0.00798045952132988,0.00371189507709915,0,0,0,0.00111162616456736,0.00316661425920068,0.00151630960102745,0.010294343027173,0.00143955997175995,0.00149382006638536,0.000790556330300759,0.0151744916461922,0.00307959229988217,0.00724996855880982,0.00162424411739387,0.00929409778320278,0.00415830097366617,0.00161450575296835,0.000330671756366341,0.000819083666529743,0.00110438235484136,0.00144860879233107,0.00135032550210012,0.00209134842617666,0.00483266008337547
2021,"Violación",0.182719054516584,21189,365,256,936,269,530,1356,2220,513,200,342,896,389,761,517,2788,549,491,201,1405,733,924,683,802,636,319,353,333,559,25,498,39,301,0.247853352301471,0.307754450417873,0.240621605815022,0.285658458676159,0.0916074919718132,0.352034883645461,0.239413785639896,0.158683514545989,0.26726712681157,0.182869511374804,0.142020147840438,0.108105644504176,0.240979345125172,0.060302466440861,0.161239485167182,0.112902632070887,0.244488550865071,0.158901822390453,0.23428748091099,0.173641627370279,0.136713692823271,0.277339683045003,0.414103690118257,0.220389951604307,0.103005467039381,0.116727129997318,0.136377430477202,0.154337434089081,0.0181076099041383,0.0611329181859874,0.0163125177241779,0.181828835637002
2021,"Violencia de género en todas sus modalidades distinta a la violencia familiar",0.0148639018742883,4186,4,7,0,0,0,31,0,16,0,0,0,272,0,0,2175,0,0,0,0,4,0,150,0,0,0,4,0,0,0,1523,0,0,0.00271620112111201,0.00841516075361371,0,0,0,0.00804799512758798,0,0.00494919343613221,0,0,0,0.0755905791905805,0,0,0.125787618450007,0,0,0,0,0.000947566861502206,0,0.06090915440227,0,0,0,0.00132268702546536,0,0,0,0.186958703608954,0,0
2021,"Violencia familiar",2.08695813327254,253740,2288,2493,12568,314,3971,12968,34848,11772,4258,5531,11624,3273,5870,12619,22139,1184,4938,1063,21029,6893,8717,3784,5848,9034,5733,7225,7791,7844,78,11706,884,3453,1.55366704127607,2.99699939410843,3.23091062167008,0.333445189681464,0.686364812490699,3.36665809079229,3.75814937026086,3.64136907063427,5.69011712981832,2.95745984623989,1.84245781082282,0.909588109157243,1.8588025701508,1.47187006579734,1.28037337235159,0.243491286651968,2.45882782927031,0.840361379109707,3.50664159151402,1.63289459408368,1.28975461075807,1.5365349350546,3.01954910200944,3.13050758300835,1.85119229635351,2.38910343974681,3.19074042296661,2.16569379784391,0.0564957429009115,1.43699184796219,0.369750401748033,2.08589690848694
2022,"Aborto",0.00515040254343507,818,13,3,42,5,3,9,192,2,5,2,24,6,18,6,144,31,10,3,144,13,1,39,4,9,6,6,8,40,0,26,1,3,0.00871824379696954,0.00353263685435174,0.0106377562844445,0.00528851493212191,0.000511693736970998,0.00230871406165908,0.0207845203820368,0.000610937367312041,0.00664675299469456,0.0010614099982699,0.00377310199606528,0.00166668935216063,0.00564204780005586,0.000693803158330737,0.00828555521620581,0.00632458676986216,0.0049576664858771,0.00234630710813738,0.0236239926581881,0.00306275971613401,0.00014652476231852,0.0155489124931126,0.00202310282268364,0.0030972974702995,0.001924020433097,0.00196644716746395,0.00326905152147787,0.010950890457969,0,0.00319676074692561,0.000413154679741084,0.00179902816498528
2022,"Abuso de confianza",0.275028874791283,31032,833,266,512,486,136,1099,5147,735,498,716,1650,324,466,1509,3838,695,639,58,1144,400,1512,707,3266,707,344,119,804,645,15,1301,109,352,0.558638237144279,0.313227134419187,0.129679314705609,0.51404365140225,0.0231967827426853,0.281919639307037,0.557176700033039,0.224519482487175,0.662016598271578,0.379984779380625,0.259400762229488,0.0900012250166738,0.146066348601446,0.17449149432018,0.220833061943041,0.141793155001748,0.316794888447546,0.0453619374239894,0.187679497228938,0.0942387604964309,0.221545440625602,0.281873875195657,1.65186345472119,0.243309923500194,0.110310504830895,0.0390012021547017,0.328539677908526,0.17658310863475,0.0107525340138493,0.159960989682701,0.0450338600917782,0.211085971358272
2022,"Abuso sexual",0.248282819577226,33359,0,429,1680,370,218,1954,4656,1046,404,570,1450,451,673,3298,5486,657,625,0,1825,491,933,753,1206,672,509,619,256,748,24,982,78,296,0,0.505167070172298,0.425510251377779,0.391350104977021,0.0371830782198925,0.50124747516465,0.504024619264393,0.319520243104197,0.537057641971321,0.302501849506922,0.227958245595611,0.12527948297074,0.210949898302088,0.381360469362462,0.315656638306285,0.134040435735466,0.309854155367318,0,0.29940129584162,0.115678078509369,0.136707603243179,0.300213618136252,0.609965501039116,0.231264877782363,0.163221066741062,0.202871799443364,0.104609648687292,0.20478165156402,0.0172040544221588,0.120739194364652,0.0322260650198046,0.177504112278547
2022,"Acoso sexual",0.0652319505772262,10977,0,111,0,72,87,234,1481,476,14,103,352,157,1,321,4120,190,23,44,860,289,248,753,271,274,142,100,0,113,5,0,15,121,0,0.130707563611014,0,0.0761546150225555,0.0148391183721589,0.0600265656031362,0.160322263988523,0.145403093420266,0.0186109083851448,0.0546626149108999,0.0553388292756242,0.0436117047148697,0.000313447100003103,0.0371184689706945,0.237058940908111,0.0387635963314132,0.0114026329175173,0.0344125042526816,0.141087733930845,0.0680875044586714,0.0363381410549929,0.300213618136252,0.137065216236816,0.0942955007624514,0.0455351502499623,0.0327741194577325,0,0.0309362655437624,0.00358417800461642,0,0.00619732019611626,0.0725608026544061
2022,"Allanamiento de morada",0.140819633710359,14315,721,220,2120,448,91,485,853,918,193,130,454,216,271,253,1783,339,360,46,591,268,374,326,276,518,84,452,316,222,71,711,33,172,0.483527213662695,0.259060035985794,0.536953412452912,0.473850937918123,0.0155213766881203,0.124414035544962,0.0923395619056114,0.280420251596227,0.25656466559521,0.0689916498875436,0.0713745127589016,0.0600008166777826,0.0849441641008409,0.0292553665096128,0.102591284378437,0.0691624166123636,0.178475993491575,0.0359767089914399,0.0969568032013135,0.0631399695326087,0.0548002611071264,0.129972960839865,0.139594094765171,0.178266676623904,0.026936286063358,0.148139019948951,0.129127535098376,0.0607774420417278,0.0508953276655532,0.0874191111947733,0.0136341044314558,0.103144281459156
2022,"Amenazas",1.29744965945362,135713,3819,1677,6119,3220,1481,3198,18850,8310,3102,1262,11194,2923,3034,10062,0,4759,5162,544,7354,4356,5638,4244,3201,2904,1673,1817,4410,1881,11,7161,935,1412,2.56115177389436,1.97474400158262,1.54981977867895,3.40580361628651,0.252606141484683,0.820363063242861,2.04056358959059,2.53844476118153,4.12364555790851,0.669749708908308,1.75983765599812,0.811955496060919,0.950998501409415,1.16350789652065,0,0.970926078637872,2.55914744000976,0.425463688942246,1.2064641806133,1.02626010180613,0.826106609951815,1.69204063130179,1.61898803385258,0.999394650416638,0.53648103076188,0.595505750547,1.80206465121468,0.514965623785991,0.00788519161015613,0.880461681105164,0.386299625557914,0.846742589653069
2022,"Contra el medio ambiente",0.0137554887211169,2335,90,5,17,17,53,27,1092,7,5,5,8,7,0,49,327,101,13,21,13,0,33,3,91,147,0,5,0,8,0,184,3,4,0.0603570724405583,0.00588772809058623,0.00430575849608467,0.0179809507692145,0.00903992268648763,0.00692614218497725,0.118211959672834,0.00213828078559214,0.00664675299469456,0.00265352499567475,0.00125770066535509,0.00194447091085406,0,0.00566605912636769,0.018815114970134,0.020605911734067,0.00644496643164022,0.0164241497569617,0.00213272155941976,0,0.00483531715651116,0.00119607019177789,0.0460255892160527,0.0505891920148918,0,0.00163870597288663,0,0.0021901780915938,0,0.0226232299013197,0.00123946403922325,0.00239870421998037
2022,"Corrupción de menores",0.0256747244038472,2949,62,46,727,50,18,102,341,29,28,0,356,17,42,111,121,25,37,28,252,44,30,0,151,33,57,66,38,53,0,55,5,25,0.0415793165701624,0.0541670984333933,0.184134495685503,0.0528851493212191,0.00307016242182599,0.0261654260321363,0.03691417422018,0.00885859182602459,0.0372218167702895,0,0.0559676796083017,0.00472228649778844,0.0131647782001303,0.0128353584291186,0.00696216792472849,0.00510047320150174,0.0183433659977453,0.0218988663426156,0.0413419871518291,0.0103662636546074,0.0043957428695556,0,0.0763721315563072,0.0113567573910982,0.0182781941144215,0.0216309188421035,0.0155279947270199,0.0145099298568089,0,0.00676237850311186,0.00206577339870542,0.0149919013748773
2022,"Daño a la propiedad",1.36507303535509,148315,4728,1599,8231,3049,1243,8040,11386,7665,3082,2626,12329,2120,2679,7010,15798,3738,3237,417,7909,2775,4307,1595,5253,5862,2569,2391,2084,3990,88,7329,637,2549,3.170758205544,1.88289544336948,2.08474695183958,3.22493640560794,0.212011771684984,2.06245122841545,1.23256535973891,2.3414174602234,4.09705854592973,1.39363132772838,1.93827393789537,0.588896904430088,0.839724780908313,0.810593356649745,0.908994453511246,0.762622753088541,1.60479664147842,0.326136688031096,1.29751498565006,0.65378140094399,0.631082151305865,0.635910651961914,2.65683978188928,2.01737308565507,0.823801415437699,0.783629196234385,0.851587921344986,1.09235132318241,0.063081532881249,0.901117673623761,0.263179530995071,1.52857426418249
2022,"Delitos cometidos por servidores públicos",0.144017292256592,21024,474,268,896,128,87,826,4946,666,221,25,136,242,541,441,4037,312,25,49,2092,282,1428,0,594,645,166,80,178,427,0,439,20,353,0.317880581520274,0.315582225655422,0.226938800734816,0.135385982262321,0.0148391183721589,0.211888646103378,0.535417905258094,0.20344214331491,0.2937864823655,0.0132676249783738,0.0213809113110366,0.0672231372038119,0.169574881101679,0.0509945321373092,0.232283238943214,0.0636539055547417,0.0123941662146927,0.0383230160995773,0.34320411556201,0.0664383261499838,0.209237360590846,0,0.30043076916852,0.221972985371464,0.0532312319823503,0.026219295566186,0.0727363963528827,0.116900755638819,0,0.0539760756884747,0.00826309359482168,0.211685647413267
2022,"Despojo",0.240508896051921,30961,402,332,1440,347,156,873,4039,484,370,405,1483,615,923,1442,4752,879,1228,116,1360,895,1645,921,739,539,577,244,479,528,21,2311,33,383,0.269594923567827,0.390945145214926,0.364723072609525,0.367022936289261,0.0266080743224919,0.223945263980931,0.437232696995035,0.147846842889514,0.491859721607398,0.214935524649655,0.233146260840201,0.170835658596464,0.289311673302864,0.166744025718821,0.273423322134792,0.179332637764801,0.608801444465707,0.0907238748479788,0.223115486216221,0.210859226610764,0.241033234013965,0.367193548875814,0.373768246490802,0.185493704054603,0.185026631649495,0.0799688514768674,0.195734459848488,0.14455175404519,0.015053547619389,0.284142849467118,0.0136341044314558,0.22967592906312
2022,"Electorales",0.00906314523013318,950,51,5,11,2,17,16,58,36,3,10,3,2,131,0,16,8,0,2,19,151,31,0,66,21,1,1,2,258,0,15,5,9,0.0342023410496497,0.00588772809058623,0.00278607902687832,0.00211540597284876,0.00289959784283566,0.00410438055406059,0.00627865719874028,0.0109968726116167,0.00398805179681674,0.00530704999134951,0.00047163774950816,0.000555563117386876,0.0410615701004065,0,0.00092061724624509,0.00163215142448056,0,0.00156420473875826,0.00311705458684426,0.0355751320874027,0.00454226763187412,0,0.03338119657428,0.00722702743069883,0.000320670072182833,0.000327741194577325,0.000817262880369468,0.0706332434538999,0,0.00184428504630324,0.00206577339870542,0.00539708449495582
2022,"Evasión de presos",0.000634917371448964,99,2,0,2,0,3,3,15,1,0,2,8,2,1,4,18,0,2,0,10,4,8,2,1,5,1,0,1,1,0,0,0,3,0.00134126827645685,0,0.000506559823068785,0,0.000511693736970998,0.000769571353886361,0.00162379065484663,0.00030546868365602,0,0.0010614099982699,0.00125770066535509,0.000555563117386876,0.000313447100003103,0.000462535438887158,0.00103569440202573,0,0.000991533297175419,0,0.0016405550457075,0.000942387604964309,0.00117219809854816,0.00079738012785193,0.000505775705670909,0.00172072081683305,0.000320670072182833,0,0.000408631440184734,0.000273772261449224,0,0,0,0.00179902816498528
2022,"Extorsión",0.0683914581871436,10343,97,164,172,90,29,6,357,34,142,65,523,260,232,663,4153,65,147,17,746,118,126,224,85,122,61,62,134,114,6,834,10,485,0.0650515114081573,0.193117481371228,0.0435641447839155,0.0951932687781944,0.00494637279071965,0.00153914270777272,0.0386462175853497,0.0103859352443047,0.188767785049326,0.0344958249437718,0.0822221809975893,0.0722232052602938,0.0727197272007199,0.0766652489955465,0.238957713978491,0.0132612303239045,0.0728776973423933,0.0132957402794452,0.12238540640978,0.0278004343464471,0.0184621200521335,0.0893065743194161,0.0429909349820273,0.0419855879307265,0.0195608744031528,0.0203199540637942,0.0547566129847544,0.0312100378052116,0.00430101360553971,0.10254224857446,0.00413154679741084,0.290842886672619
2022,"Falsedad",0.0476028496005265,4555,88,186,182,52,8,229,537,17,81,26,243,84,145,165,202,19,89,20,225,427,140,177,428,0,77,76,40,123,1,268,2,198,0.0590158041641015,0.219023484969808,0.0460969438992594,0.0550005552940679,0.00136451663192266,0.0587439466799922,0.0581317054435092,0.00519296762215234,0.107677398514052,0.0137983299775087,0.038202657710161,0.0233336509302488,0.04544982950045,0.0190795868540953,0.0116227927338443,0.00387635963314132,0.0441232317243061,0.0156420473875826,0.0369124885284188,0.10059987682994,0.0205134667245928,0.0705681413148958,0.216472002027149,0,0.0246915955580782,0.0249083307878767,0.0163452576073894,0.0336739881582546,0.000716835600923284,0.0329512261606178,0.000826309359482168,0.118735858889028
2022,"Falsificación",0.113839874247295,15641,824,77,437,275,42,811,2409,115,149,95,707,297,215,1310,2862,759,183,23,1470,297,496,202,307,176,177,37,209,120,8,431,5,116,0.552602529900223,0.0906710125950279,0.11068332134053,0.290868321266705,0.00716371231759398,0.208040789333946,0.260780779168368,0.0351288986204423,0.198073239241898,0.0504169749178203,0.111149296300756,0.082501122931951,0.0673911265006672,0.151480356235544,0.16467540992209,0.154850366397593,0.0907252966915508,0.0179883544957199,0.241161591719003,0.0699722796686,0.0726762821099859,0.0805353929130449,0.155273141640969,0.0605693727525235,0.0567586027763615,0.012126424199361,0.0854039709986094,0.0328526713739069,0.00573468480738627,0.052992456997113,0.00206577339870542,0.0695624223794306
2022,"Feminicidio",0.00776905752365733,965,10,6,26,11,44,43,75,23,18,18,21,12,19,43,138,43,32,2,102,40,20,12,14,12,20,35,17,19,5,65,5,15,0.00670634138228426,0.00706527370870347,0.0065852776998942,0.0116347328506682,0.00750484147557464,0.0110305227390378,0.00811895327423313,0.00702577972408847,0.0239283107809004,0.00955268998442912,0.00330146424655712,0.00333337870432125,0.00595549490005896,0.00497225596803695,0.0079403237488639,0.008772813906583,0.0158645327548067,0.00156420473875826,0.0167336614662165,0.00942387604964309,0.0029304952463704,0.00478428076711158,0.00708085987939273,0.00412972996039933,0.00641340144365667,0.0114709418102064,0.00694673448314048,0.00520167296753526,0.00358417800461642,0.00799190186731402,0.00206577339870542,0.00899514082492637
2022,"Fraude",0.782263704013711,103948,2638,1287,2761,1074,219,7326,21493,1684,1532,1648,4245,940,1363,8785,13553,2372,1875,302,6070,1941,4815,3916,293,2658,842,360,1288,1580,41,3620,93,1334,1.76913285664659,1.5155012105169,0.699305835746458,1.13597300741979,0.0373536427988829,1.87929324619049,2.32667550297457,0.514409263276738,2.03656511757441,0.874601838574399,0.667367415554047,0.261114665171832,0.42722839730423,1.01584345765592,0.779820346147482,0.483932897358485,0.929562466101955,0.236194915552497,0.995816912744455,0.457293585308931,0.705516730563673,1.56127029033408,0.148192281761576,0.914735186228452,0.270004200777946,0.117986830047837,0.526317294957938,0.432560173089775,0.0293902596378547,0.445087457841181,0.0384233852159208,0.799967857363452
2022,"Homicidio",0.370104386472553,42894,226,112,2993,203,1122,2073,1437,392,901,345,3513,1574,545,2647,3822,3034,1350,352,1937,1873,1369,498,1472,760,1106,1753,726,1190,164,1847,198,1360,0.151563315239624,0.131885109229132,0.758066775222437,0.21471370624415,0.191373457627153,0.531773805535475,0.155559144734307,0.11974372399316,1.19774488964396,0.183093224701558,0.552287804674056,0.437228173383471,0.170828669501691,0.306082826683577,0.219912444696796,0.618993427734251,0.669284975593408,0.275300034021453,0.317775512353544,0.441272996024538,0.200592399614054,0.19854765183513,0.744501838747578,0.261549564158624,0.354661099834214,0.574530314094051,0.296666425574117,0.325788991124577,0.117561038551419,0.227092965368138,0.0818046265887347,0.815559434793325
2022,"Hostigamiento sexual",0.0248378889921858,2781,135,13,492,25,14,163,0,35,42,25,92,30,108,93,239,30,80,0,82,64,70,30,36,39,17,15,284,39,2,474,0,13,0.0905356086608375,0.0153080930355242,0.124613716474921,0.0264425746606096,0.00238790410586466,0.0418133768944923,0,0.0106914039279607,0.0558327251554343,0.0132676249783738,0.0144635576515836,0.00833344676080313,0.0338522868003351,0.0107539489541264,0.013751720115786,0.00612056784180209,0.0396613318870168,0,0.0134525513748015,0.015078201679429,0.0102567333622964,0.0119607019177789,0.0182079254041527,0.0134216223712978,0.00545139122710817,0.00491611791865988,0.116051329012464,0.0106771181965198,0.00143367120184657,0.0582794074631822,0,0.00779578871493619
2022,"Incesto",0.000139073114997578,12,0,0,0,0,1,0,0,1,0,0,1,0,0,0,0,0,3,0,1,0,0,0,3,0,1,1,0,0,0,0,0,0,0,0,0,0,0.000170564578990333,0,0,0.00030546868365602,0,0,0.000157212583169387,0,0,0,0,0,0.00148729994576313,0,0.00016405550457075,0,0,0,0.00151732711701273,0,0.000320670072182833,0.000327741194577325,0,0,0,0,0,0
2022,"Incumplimiento de obligaciones de asistencia familiar",0.24526193420273,23856,256,639,995,277,278,2114,940,205,603,142,2200,524,909,0,3003,188,339,804,657,143,294,735,504,591,160,1515,1018,1628,21,1426,110,638,0.171682339386477,0.75245164997692,0.252013511976721,0.292983727239554,0.0474169529593125,0.542291280705256,0.101757547703722,0.0626210801494842,0.801598411160164,0.075360109877163,0.345867682972651,0.145557536755361,0.284923413902821,0,0.172788349404625,0.0383555584752931,0.168064893871234,0.628810304980819,0.107784466502983,0.0336903568774741,0.0430782801216449,0.293037196985584,0.254910955658138,0.203389200549667,0.0513072115492533,0.496527909784648,0.415986806108059,0.445701241639337,0.015053547619389,0.175330031735228,0.0454470147715193,0.382593323086868
2022,"Lesiones",1.63663416616021,216807,4681,1982,7047,4514,1520,5510,10542,4775,1875,3778,13638,3469,6207,11197,62105,7925,3851,644,7442,5064,6834,5420,4674,4544,4155,2924,5075,3528,251,9090,215,2331,3.13923840104726,2.33389541510838,1.78486353658286,4.77447128071966,0.259258160065306,1.41344605330462,1.14120007222621,1.4586129644575,2.49253237301046,2.00500348673184,2.1440652092641,0.963624227107536,1.94556614971926,1.29475232730488,3.57343337987821,1.61685000487605,1.90919736371127,0.503673925880158,1.22090106501552,1.19306270788482,1.00135022568477,2.16090014647873,2.36399564830583,1.56379107833788,1.33238414991967,0.958315252944099,2.07380455893753,0.965868538392864,0.179925735831744,1.11763673805976,0.0888282561443331,1.39784488419356
2022,"Narcomenudeo",0.729088340652755,86386,2079,519,9655,224,1893,3525,4394,11032,1965,831,22359,791,485,1322,3111,2031,665,470,5361,310,2435,1505,1881,2408,146,2341,38,159,160,1703,281,307,1.3942483733769,0.611146175802851,2.44541754586456,0.236925468959062,0.3228787480287,0.904246340816474,0.475662409159738,3.36993051809322,2.61217392691496,0.441015854281144,3.51511614708432,0.219725212926509,0.152021843501505,0.152867962552206,0.17900251581678,0.414362442890002,0.329684821310827,0.36758811360819,0.879501560003793,0.073035039384734,0.356787796245596,0.600028546208577,0.95136410236698,0.828699145386799,0.0468178305386937,0.767242136505519,0.0155279947270199,0.0435297895704267,0.114693696147725,0.209387828923627,0.116096465007245,0.184100548883493
2022,"Otros delitos contra el patrimonio",0.150692735054721,16449,312,188,1227,465,77,1553,4249,1920,219,29,203,0,184,0,236,314,433,17,92,660,253,61,322,1966,32,233,155,38,16,820,106,69,0.209237851127269,0.221378576206042,0.3107744514527,0.491831888687338,0.0131334725822556,0.398381437528506,0.459965766162887,0.586499872619559,0.291127781167622,0.0153904449749136,0.0319141543833855,0,0.057674266400571,0,0.0135791043821151,0.0640619434108619,0.214666958838478,0.0132957402794452,0.015093106420509,0.155493954819111,0.0370707648665855,0.0243200938994839,0.162859777226033,0.676587425178757,0.0102614423098507,0.0763636983365168,0.0633378732286338,0.0104033459350705,0.0114693696147725,0.100820915864577,0.0437943960525549,0.0413776477946613
2022,"Otros delitos contra la familia",0.115342072870563,15425,33,244,653,15,6,35,16,197,0,610,55,186,2,1027,4,0,359,31,6951,284,631,259,761,22,209,73,16,857,3,1756,6,124,0.0221309265615381,0.287321130820608,0.165391782231958,0.0158655447963657,0.001023387473942,0.00897833246200755,0.00173204336516973,0.060177330680236,0,0.32373004947232,0.00864669207431627,0.0516673699169794,0.000626894200006206,0.118755973934278,0.000230154311561272,0,0.177980226842988,0.024245173450753,1.14034981227129,0.066909519952466,0.0924571250229861,0.103260726556825,0.384895312015562,0.00757117159406544,0.0670200450862121,0.0239251072041447,0.00653810304295575,0.234622828061985,0.00215050680276985,0.215904302753899,0.00247892807844651,0.0743598308193914
2022,"Otros delitos contra la sociedad",0.0307216671120087,6978,1,1,56,2,90,1,1674,1,92,7,0,0,13,2,3353,4,25,18,4,599,484,341,3,0,45,160,0,0,0,2,0,0,0.000670634138228426,0.00117754561811725,0.014183675045926,0.00211540597284876,0.0153508121091299,0.000256523784628787,0.181215037080883,0.00030546868365602,0.12230025510238,0.00371493499394466,0,0,0.00407481230004034,0.000231267719443579,0.192926851666237,0.000816075712240279,0.0123941662146927,0.0140778426488243,0.000656222018283002,0.141122543843405,0.0709179849621636,0.135953311798754,0.00151732711701273,0,0.0144301532482275,0.052438591132372,0,0,0,0.000245904672840431,0,0
2022,"Otros delitos del Fuero Común",1.19046717680584,201408,2410,1010,8552,1268,1359,1640,9939,3095,1060,752,17238,1142,10438,13667,80883,2547,1644,1194,6397,1636,2156,5070,1777,3430,431,2164,7611,1541,224,6859,536,1738,1.61622827313051,1.18932107429842,2.16604980344212,1.34116738678612,0.231797262847862,0.420699006791211,1.07592368790137,0.945425575915383,1.40911163487525,0.399090159349483,2.71003050867389,0.317226540027906,3.27176082983239,1.5803679608177,4.6538927955026,0.519636209768997,0.815040370278195,0.933830229038679,1.04946306273909,0.385436530430403,0.315907387558729,2.02135862410464,0.898763428977205,1.18041448034748,0.138208801110801,0.709231945065332,3.11009389124601,0.421883054893255,0.160571174606816,0.843330075506259,0.221450908341221,1.04223698358147
2022,"Otros delitos que atentan contra la libertad personal",0.197315017433117,25005,377,107,2456,266,165,870,1694,50,366,150,0,430,1805,870,5931,369,217,55,2553,282,216,227,1002,709,1073,618,492,511,0,562,6,576,0.252829070112117,0.125997381138545,0.622055462728468,0.281348994388886,0.0281431555334049,0.223175692627045,0.183380091287346,0.015273434182801,0.486542319211642,0.0796057498702426,0,0.119446070238178,0.565772015505601,0.100601457957957,0.341261305467477,0.0752829844541657,0.107581362743533,0.043015630315852,0.418833703169126,0.0664383261499838,0.0316493486608003,0.090502644511194,0.506787257082251,0.243998211826927,0.34407898745218,0.202544058248787,0.201046668570889,0.139897625600554,0,0.0690992130681612,0.00247892807844651,0.345413407677173
2022,"Otros delitos que atentan contra la libertad y la seguridad sexual",0.102199107873435,12503,584,173,388,57,677,439,1868,73,47,312,33,0,336,1602,115,284,59,235,899,30,1064,35,524,128,83,85,674,110,11,1437,1,140,0.391650336725401,0.203715391934284,0.0982726056753443,0.0602890702261898,0.115472219976455,0.112613941452037,0.202216062883566,0.0222992139068895,0.0624794781501289,0.165579959730105,0.00518801524458976,0,0.105318225601043,0.185245443274307,0.00661693645738658,0.0579413755690598,0.0292502322666749,0.183794056804095,0.147485898609105,0.00706790703723232,0.155902347106905,0.0139541522374088,0.265026469771556,0.0440504529109262,0.0266156159911752,0.0278580015390727,0.275417590684511,0.0301149487594147,0.00788519161015613,0.17668250743585,0.000413154679741084,0.0839546476993128
2022,"Otros delitos que atentan contra la vida y la integridad corporal",0.120212823951071,12956,45,174,2408,271,126,368,1076,50,0,13,875,30,185,0,1277,271,557,17,312,236,291,1140,356,256,624,353,653,269,7,210,129,377,0.0301785362202792,0.204892937552401,0.609898026974817,0.286637509321008,0.0214911369527819,0.0944007527433936,0.116479916307665,0.015273434182801,0,0.00689916498875436,0.137561010273213,0.00833344676080313,0.0579877135005741,0,0.0734767639659362,0.0552891295042789,0.276142023263354,0.0132957402794452,0.0511853174260741,0.0556008686928943,0.0426387058346893,0.4545066728756,0.180056151218844,0.0881009058218524,0.200098125042088,0.115692641685796,0.266836330440631,0.0736447383298414,0.00501784920646299,0.0258199906482453,0.0532969536865999,0.22607787273315
2022,"Rapto",0.000506886641991401,99,0,0,0,0,0,0,9,0,0,0,0,0,1,0,0,0,1,0,88,0,0,0,0,0,0,0,0,0,0,0,0,0,0,0,0,0,0,0,0.000974274392907975,0,0,0,0,0,0.000313447100003103,0,0,0,0.000495766648587709,0,0.014436884402226,0,0,0,0,0,0,0,0,0,0,0,0,0
2022,"Robo",4.47836873310897,609635,10661,5722,33078,5936,2528,14537,77132,7322,7115,6327,31259,6034,12607,46197,138143,11304,15196,1370,16549,11477,30159,22983,14744,16215,7806,8148,10637,8440,2953,20280,461,6315,7.14963054765325,6.73791602686688,8.37799291373464,6.27852492741513,0.431187255687561,3.72908625714868,8.34974805264199,2.23664170172938,9.45832951145036,3.35777052952683,4.91430813729186,1.6761339251562,3.95162758973912,5.34193741756751,7.94855176550222,2.30622996279103,7.53366999193883,1.07148024604941,2.71495454514135,2.70394563554384,4.41904030676424,9.16309373921045,7.45715700441188,5.5802976089896,2.5031505834592,2.67043525341605,4.34661262924502,2.31063788663145,2.11681552952646,2.49347338260197,0.19046430736064,3.786954287294
2022,"Secuestro",0.00392707868235083,506,5,3,18,3,11,21,27,4,7,1,9,16,15,22,92,39,23,3,22,31,17,15,1,11,5,8,12,18,4,35,0,8,0.00335317069114213,0.00353263685435174,0.00455903840761906,0.00317310895927315,0.00187621036889366,0.00538699947720453,0.00292282317872393,0.00122187473462408,0.00930545419257239,0.000530704999134951,0.00141491324852448,0.004444504939095,0.00470170650004655,0.00254394491387937,0.00529354916590927,0.00795673819434272,0.0114026329175173,0.00234630710813738,0.00360922110055651,0.0073035039384734,0.00249092095941484,0.00598035095888947,0.000505775705670909,0.00378558579703272,0.00160335036091417,0.0026219295566186,0.00490357728221681,0.00492790070608604,0.00286734240369314,0.00430333177470755,0,0.00479740843996073
2022,"Tráfico de menores",9.83324209567918e-05,13,0,0,0,0,0,0,2,0,0,0,1,0,0,1,1,0,0,0,0,0,0,0,1,4,1,0,0,1,0,1,0,0,0,0,0,0,0,0,0.000216505420646217,0,0,0,0.000157212583169387,0,0,0.00011563385972179,5.75385778903181e-05,0,0,0,0,0,0,0,0.000505775705670909,0.00137657665346644,0.000320670072182833,0,0,0.000273772261449224,0,0.000122952336420216,0,0
2022,"Trata de personas",0.00478545605873409,808,4,3,70,0,5,38,169,13,5,1,1,13,13,7,241,8,8,2,74,8,38,5,37,10,4,0,2,2,1,6,2,18,0.0026825365529137,0.00353263685435174,0.0177295938074075,0,0.000852822894951664,0.00974790381589391,0.0182947080446053,0.00397109288752826,0.00664675299469456,0.000530704999134951,0.000157212583169387,0.00361116026301469,0.00407481230004034,0.000809437018052527,0.0138667972715667,0.00163215142448056,0.00396613318870168,0.00156420473875826,0.0121401073382355,0.00188477520992862,0.00556794096810376,0.00199345031962982,0.0187137011098236,0.00344144163366611,0.00128268028873133,0,0.000817262880369468,0.000547544522898449,0.000716835600923284,0.000737714018521294,0.000826309359482168,0.0107941689899116
2022,"Violación",0.195040946483683,23101,362,290,1004,357,419,1496,2525,480,170,314,953,439,1052,526,3475,590,582,301,1645,752,819,682,792,644,361,301,365,559,27,481,44,294,0.24276955803869,0.341488229254001,0.25429303118053,0.377599966153504,0.0714665585969494,0.383759581804665,0.273338093565849,0.14662496815489,0.225989601819615,0.166641369728375,0.149823591760426,0.121946104266419,0.329746349203265,0.0608234102136613,0.199946558168855,0.120371167555441,0.288536189478047,0.235412813183118,0.269871305018884,0.17716886973329,0.120003780338868,0.271906623597508,0.40057435889136,0.221628841208097,0.115761896058003,0.0986500995677749,0.149150475667428,0.153038694150116,0.0193545612249287,0.0591400738181237,0.0181788059086077,0.176304760168557
2022,"Violencia de género en todas sus modalidades distinta a la violencia familiar",0.0245372154370681,5524,13,5,0,0,0,43,0,0,0,10,0,298,0,0,2685,0,0,0,0,16,0,764,0,0,0,4,0,0,0,1686,0,0,0.00871824379696954,0.00588772809058623,0,0,0,0.0110305227390378,0,0,0,0.00530704999134951,0,0.0827789044906445,0,0,0.154491081635504,0,0,0,0,0.00376955041985724,0,0.304599208839437,0,0,0,0.0013109647783093,0,0,0,0.207297639204484,0,0
2022,"Violencia familiar",2.22444205521458,270544,2534,2620,13262,1957,1776,13513,37024,12718,4405,5079,13724,3467,6929,13747,27449,1444,5206,1947,22480,7083,8191,5032,6161,8861,6746,6345,7426,7863,275,11747,125,3408,1.69938690627083,3.08516951946718,3.35899818676911,2.06992474443252,0.302922692286831,3.4664059016888,4.00794834700276,3.88495071873727,5.85578938832591,2.69545069060642,2.15758549141666,0.963068663990149,2.1718749559215,1.58961866959544,1.57937642451134,0.294603332118741,2.58096117254762,1.52275331318116,3.68796774275047,1.66873285149055,1.200184328151,2.00620840167546,3.11608412263847,3.04946143159154,2.16324030694539,2.07951787959313,3.03449707481184,2.15267129177525,0.197129790253903,1.44432109592827,0.0516443349676355,2.04369599542327
2023,"Aborto",0.00490600854046385,810,10,8,38,3,0,11,181,2,1,0,18,1,12,11,156,21,3,4,141,16,2,37,4,12,0,9,10,48,0,40,2,9,0.00661883893651144,0.00921907518847247,0.00947510416380959,0.00315692772003523,0,0.00278626603876051,0.0196277515586441,0.000603002106286357,0.00132029759507793,0,0.00280265436280641,0.000277452926642833,0.00371770130810419,0.00125922799479046,0.00891366430454563,0.00424190921465899,0.00147720888275245,0.00309089391742986,0.0227340409048277,0.00374114196955692,0.000289543666152678,0.0144649059878847,0.00198058433179541,0.00409409317883136,0,0.00292043375580112,0.00407367319445638,0.0130237020524269,0,0.00491909079461025,0.000815534962391605,0.0053475522767798
2023,"Abuso de confianza",0.271904921107528,31089,817,320,651,392,237,1223,4277,635,389,599,1794,310,417,1743,4069,700,625,145,1096,425,1389,796,3724,740,356,116,716,691,2,1294,100,301,0.540759141112984,0.368763007538899,0.162323495016843,0.412505222084604,0.0398563690814133,0.309782124127645,0.463800516112269,0.191453168745918,0.513595764485315,0.31535328254338,0.279331218159706,0.0860104072592784,0.12919012045662,0.199530399538161,0.232498077276898,0.141396973821966,0.307751850573428,0.112044904506832,0.176712828593555,0.0993740835663558,0.201088076143035,0.311190950442059,1.84392401290153,0.252469079361267,0.113278427237225,0.0376411461858811,0.291675000723077,0.187487044129729,0.0014155333552741,0.159132587205642,0.0407767481195803,0.178845915034524
2023,"Abuso sexual",0.261945050646904,35916,0,429,1909,341,169,2044,4742,935,402,546,1491,431,756,5002,5313,631,622,277,1812,587,915,745,1085,723,554,796,250,863,13,1116,103,314,0,0.494372906981836,0.475999311808224,0.358837450844005,0.0284207863913875,0.517738889384225,0.514225402713206,0.281903484688872,0.530759633221328,0.287450571400142,0.232153203052464,0.119582211383061,0.234215182410564,0.572605311812898,0.303578836218275,0.127459272116658,0.306274641690675,0.214044403782018,0.292156610776935,0.13725314600812,0.13246622726485,0.291252836783083,0.537233499999505,0.246669114024589,0.176281597442199,0.258296141068632,0.10184182986141,0.234155309817592,0.00920096680928165,0.137242633169626,0.0420000505631677,0.186570157212095
2023,"Acoso sexual",0.0796816733939621,13819,0,174,121,75,102,366,1733,449,65,96,390,160,4,355,5499,187,18,86,821,265,350,823,297,307,184,149,0,137,2,476,12,116,0,0.200514885349276,0.0301707264163411,0.0789231930008808,0.0171533740350386,0.0927066700169405,0.187927588127791,0.135373972861287,0.0858193436800655,0.0505407598066184,0.0607241778608055,0.0443924682628534,0.00123923376936806,0.0406387216500557,0.314206666735233,0.0377731915781538,0.00886325329651472,0.066454219224742,0.132373387112508,0.0619626638707866,0.0506701415767187,0.321746422379164,0.147058386635809,0.104740550491769,0.0585484005945208,0.0483494032904852,0,0.0371718162746351,0.0014155333552741,0.058537180455862,0.00489320977434963,0.0689240071229396
2023,"Allanamiento de morada",0.142407294314068,14708,599,217,2691,524,133,319,844,868,179,99,558,214,278,203,1835,308,409,66,584,259,236,336,292,507,103,569,274,217,55,733,26,173,0.396468452297035,0.250067414487316,0.670986981705569,0.551410041766154,0.022366654379021,0.0808017151240547,0.0915238801961084,0.261702914128279,0.23633326951895,0.0521201585505752,0.0868822852469987,0.0593749263015664,0.0861267469710803,0.0232384802674967,0.104849833325905,0.0622146684816652,0.201392811015251,0.0509997496375927,0.094160850272478,0.0605597356322027,0.034166152606016,0.131356984106196,0.144582656221065,0.172975436805625,0.0327743764197589,0.184636311894537,0.111618645528105,0.0588779863620133,0.0389271672700378,0.0901423388112328,0.0106019545110909,0.102791838209212
2023,"Amenazas",1.31017945397354,140430,3804,1822,6545,2960,2472,3159,19658,7909,2696,1201,12259,3196,3309,10062,0,5269,5449,958,6093,4148,5811,5072,3636,3019,2007,1645,4277,2178,11,7672,825,1308,2.51780633144895,2.0996443741746,1.63196201979299,3.11483535043476,0.415717064849171,0.800164946949495,2.13172563613163,2.3845718293094,3.5595223163301,0.632285963830716,1.90876332409132,0.886739553550496,1.02515613570973,1.15185018941651,0,1.06431522152563,2.68310373403937,0.740269093224451,0.982400788887343,0.969891055607633,0.841269122006607,1.98286495055543,1.80035115760203,1.03000560890766,0.638623043441322,0.533790392032538,1.74231002526899,0.590950480628871,0.00778543345400755,0.943481614406246,0.336408171986537,0.777177597558664
2023,"Contra el medio ambiente",0.0147117207240693,2355,86,8,10,14,58,39,1060,3,5,6,21,14,7,47,380,138,15,40,49,1,15,2,124,158,0,2,0,10,0,31,6,6,0.0569220148539983,0.00921907518847247,0.00249344846416042,0.0147323293601644,0.00975387935325726,0.00987857959196907,0.114947053326866,0.000904503159429536,0.00660148797538965,0.00315879748791365,0.00326976342327415,0.00388434097299967,0.00216865909639411,0.00538033779592287,0.0217127720238932,0.0278754034106162,0.00738604441376227,0.0309089391742986,0.00790048230025928,0.000233821373097308,0.00217157749614509,0.000781886810155928,0.0613981142856577,0.0539055601879462,0,0.000648985279066915,0,0.00271327126092227,0,0.00381229536582294,0.00244660488717482,0.00356503485118653
2023,"Corrupción de menores",0.0255924485038092,2835,67,71,706,37,9,106,268,30,34,0,361,8,61,128,88,25,47,35,243,29,42,0,109,23,73,92,41,30,0,42,3,27,0.0443462208746266,0.0818192922976932,0.176037461569726,0.0389354418804345,0.00151353300309164,0.0268494727371467,0.0290620851807548,0.00904503159429536,0.0448901182326496,0,0.0562087902762841,0.00221962341314267,0.0188983149828629,0.0146528348484708,0.00502822088974369,0.00504989192221308,0.0231429391631218,0.0270453217775113,0.0391799428359797,0.00678081981982193,0.00608041698920625,0,0.0539709230414249,0.00784701192609343,0.0232284415402175,0.0298533228370781,0.0167020600972712,0.00813981378276682,0,0.00516504533434076,0.00122330244358741,0.0160426568303394
2023,"Daño a la propiedad",1.40215734719259,150883,4862,1860,10409,2955,1668,8735,11585,7624,3033,2321,13171,2120,2749,2911,15903,3911,3561,800,8134,2649,3915,1693,6046,6059,2777,2584,2001,4180,60,7374,687,2546,3.21807949093186,2.14343498131985,2.59543050634458,3.1095738042347,0.280508116572985,2.21254853168846,1.25628454036957,2.29864402916359,4.00446260587136,1.2219281615746,2.05076447847351,0.588200204482807,0.851663407998201,0.333237517530457,0.90867950919993,0.790005092311014,1.75344694382716,0.618178783485972,1.31148006184304,0.619392817334768,0.566781726493868,0.661867184796993,2.99365321750876,2.06717588087826,0.883635372016219,0.838488980554454,0.815142006210722,1.13414738706551,0.042466000658223,0.9068343879864,0.280136259581516,1.51276312185349
2023,"Delitos cometidos por servidores públicos",0.142152914262984,20855,533,286,893,111,113,689,5006,500,275,1,171,287,507,459,4163,362,21,96,1946,288,879,2,507,593,190,83,199,532,0,838,35,290,0.352784115316059,0.329581937987891,0.222664947849525,0.116806325641304,0.019003247705484,0.174521572791454,0.542853725428576,0.150750526571589,0.363081838646431,0.000526466247985609,0.0266252164466609,0.0796289899464932,0.157072880267402,0.0525441499644383,0.237869131409125,0.0731224350336454,0.0103404621792672,0.0741814540183166,0.313762011353154,0.0673405554520247,0.127254441274102,0.000781886810155928,0.251039064055068,0.202316437920583,0.0604575875704291,0.026932889081277,0.081066096569682,0.144346031081065,0,0.103054952147085,0.0142718618418531,0.172310017807349
2023,"Despojo",0.234695466883564,30454,374,413,1582,319,163,834,3879,475,325,358,1458,581,838,1536,4886,850,1157,155,1318,837,1324,942,767,627,549,280,496,530,2,2201,50,348,0.247544576225528,0.475934756604891,0.394463547030178,0.335686647563746,0.0274117643893264,0.211249625120569,0.420641150806522,0.14321300024301,0.429096718400327,0.188474916778848,0.227015003387319,0.161200150379486,0.259619474682609,0.17583401818165,0.279180537128269,0.171696325355245,0.56971022578153,0.119772139300407,0.212506850443709,0.195708489282447,0.191677906993073,0.368268687583442,0.37977704562177,0.213916368593938,0.174690608295608,0.0908579390693681,0.202054190445037,0.143803376828881,0.0014155333552741,0.270672970973429,0.0203883740597901,0.206772021368819
2023,"Electorales",0.00404170248401416,808,1,4,12,2,14,10,189,55,1,0,2,6,37,0,302,0,0,2,23,91,13,1,4,8,2,0,9,10,1,3,1,5,0.000661883893651143,0.00460953759423623,0.0029921381569925,0.00210461848002349,0.00235438467147589,0.00253296912614592,0.0204952764894129,0.0165825579228748,0.00132029759507793,0,0.000311406040311823,0.001664717559857,0.0114629123666546,0,0.0172559398716204,0,0,0.00154544695871493,0.00370838965114211,0.021277744951855,0.00188203382999241,0.000390943405077964,0.00198058433179541,0.00272939545255424,0.000636395658636096,0,0.00366630587501074,0.00271327126092227,0.00070776667763705,0.000368931809595769,0.000407767481195803,0.00297086237598878
2023,"Evasión de presos",0.00060462337731363,92,1,0,6,0,1,2,19,1,0,0,3,1,4,4,11,0,0,0,8,6,5,4,1,5,2,1,4,0,0,1,0,2,0.000661883893651143,0,0.00149606907849625,0,0.000168170333676849,0.000506593825229183,0.0020603717105759,0.000301501053143179,0,0,0.000467109060467735,0.000277452926642833,0.00123923376936806,0.000457901089014712,0.000628527611217961,0,0,0,0.00128987466126682,0.00140292823858385,0.000723859165381696,0.00156377362031186,0.000495146082948852,0.0017058721578464,0.000636395658636096,0.000324492639533457,0.00162946927778255,0,0,0.000122977269865256,0,0.00118834495039551
2023,"Extorsión",0.0619946649818532,10337,106,112,110,96,18,5,496,30,143,40,801,150,365,588,4010,241,236,37,797,140,117,169,116,107,47,73,102,111,3,881,14,76,0.0701596927270212,0.129067052638615,0.0274279331057646,0.101021687041127,0.00302706600618329,0.00126648456307296,0.0537865457076656,0.00904503159429536,0.188802556096144,0.0210586499194243,0.124718119144885,0.041617938996425,0.113080081454836,0.0673114600851627,0.22912688372582,0.0486809581301341,0.116207098776526,0.0285907687362262,0.128503763128707,0.0327349922336231,0.0169383044699317,0.0660694354581759,0.0574369456220669,0.0365056641779129,0.0149552979779483,0.0236879626859424,0.0415514665834551,0.0301173109962372,0.00212330003291115,0.108342974751291,0.00570874473674124,0.0451571081150294
2023,"Falsedad",0.0602924471972016,5351,112,376,223,46,11,231,629,39,85,16,360,113,161,146,196,17,73,31,196,448,173,195,536,0,59,102,50,124,1,294,2,306,0.0741309960889281,0.433296533858206,0.0556039007507773,0.0484062250405402,0.00184987367044534,0.0585115868139706,0.0682091476816969,0.011758541072584,0.112225295581624,0.00842345996776974,0.0560530872561282,0.0313521807106402,0.0498791592170645,0.016713389749037,0.0111992192544291,0.00343392650710489,0.0359454161469764,0.0239544278600814,0.0316019292010371,0.104751975147594,0.0250455271222067,0.076233963990203,0.265398300460585,0,0.0187736719297648,0.0330982492324127,0.0203683659722819,0.0336445636354362,0.00070776667763705,0.0361553173403853,0.000815534962391605,0.181816777410513
2023,"Falsificación",0.0944459952701488,14158,195,84,315,328,55,927,2324,90,80,81,825,280,259,1375,2498,710,184,29,1134,265,422,170,234,177,176,50,184,137,4,451,7,108,0.129067359261973,0.0968002894789609,0.0785436266210532,0.345157430723852,0.00924936835222671,0.234806237993726,0.252015992388336,0.0271350947828861,0.105623807606234,0.0426437660868343,0.128454991628627,0.0776868194599934,0.080240386566582,0.157403499348807,0.142732906620224,0.143416930590852,0.0906021448088172,0.0224089809013665,0.182839733234572,0.0619626638707866,0.0610937135582151,0.0664603788632539,0.115864183410031,0.0603878743877625,0.0560028179599764,0.0162246319766729,0.0749555867779974,0.0371718162746351,0.0028310667105482,0.0554627487092306,0.00285437236837062,0.0641706273213576
2023,"Feminicidio",0.00732236632534366,832,3,2,20,12,35,48,59,11,21,10,26,15,20,37,89,16,45,6,73,39,35,9,17,12,29,30,18,17,12,45,8,13,0.00198565168095343,0.00230476879711812,0.00498689692832084,0.0126277108801409,0.00588596167868972,0.0121582518055004,0.0063979963644199,0.00331651158457497,0.0277262494966365,0.00526466247985609,0.0040482785240537,0.0041617938996425,0.00619616884684031,0.00423558507338609,0.00508535976349077,0.00323193083021637,0.0221581332412868,0.00463634087614479,0.0117701062840597,0.009119033550795,0.00506701415767187,0.00351849064570167,0.00841748341013049,0.00409409317883136,0.00922773705022339,0.00973477918600372,0.00733261175002149,0.00461256114356786,0.0084932001316446,0.00553397714393653,0.00326213984956642,0.00772424217757082
2023,"Fraude",0.878862238875691,114458,3015,1683,3753,946,280,5601,23891,1582,2586,1632,5166,901,2003,10274,16121,2780,2117,461,5447,1822,4544,4684,181,2743,841,522,1411,1802,18,4132,134,1385,1.9955799393582,1.9394629427749,0.935791208599405,0.99548454105111,0.0470876934295178,1.41871600755433,2.59075476512467,0.476974666072509,3.41428958087153,0.859192916712513,0.80436180212544,0.249985086905193,0.620546310011057,1.17611894713429,0.921135783676795,0.561547981750095,1.04241706826231,0.356225523983791,0.878243409990047,0.426022541783295,0.657843209498885,1.83117890938518,0.0896214410137423,0.935841465794534,0.267604374456478,0.169385157836465,0.574795287737796,0.488931481218194,0.0127398001974669,0.508142079083239,0.0546408424802375,0.822928878148891
2023,"Homicidio",0.360543808031311,42037,249,111,2619,216,1277,2087,1468,407,936,291,3640,1822,379,2495,3754,2680,1594,366,1944,2062,1228,538,1596,740,1150,1386,718,1113,141,1814,165,1051,0.164809089519135,0.127914668240056,0.653034152763614,0.227298795842537,0.214753516105337,0.528630656626653,0.159190824796075,0.122710928629274,1.23579854899294,0.153201678163812,0.566758993367518,0.505519232343243,0.117417399647624,0.285615804272927,0.214499332046566,0.541348414061242,0.78489031970247,0.282816793444832,0.313439542687838,0.482139671326649,0.177779811017745,0.210327551931945,0.790253148386368,0.252469079361267,0.365927503715755,0.449746798393372,0.292489735361968,0.301987091340649,0.0997951015468241,0.223080767535575,0.0672816343973074,0.624475271432841
2023,"Hostigamiento sexual",0.0324250085126072,3481,207,22,1407,34,20,85,0,27,28,20,82,29,211,125,262,30,83,0,79,90,88,31,39,44,17,20,236,54,0,75,3,33,0.137009965985787,0.0253524567682993,0.350828198907371,0.0357785141603993,0.00336340667353699,0.0215302375722403,0,0.00814052843486582,0.0369683326621821,0.0105293249597122,0.0127676476527848,0.00804613487264217,0.0653695813341653,0.0143094090317098,0.0149703849217369,0.0060598703066557,0.0408694457561512,0,0.0127375122800099,0.0210439235787577,0.0127399213107179,0.0121192455574169,0.0193106972350052,0.0150116749890483,0.00540936309840682,0.00648985279066915,0.0961386873891706,0.0146516648089803,0,0.00922329523989422,0.00122330244358741,0.0196076916815259
2023,"Incesto",0.000141323627994671,13,4,0,3,0,1,1,1,0,0,0,1,0,0,0,0,0,0,0,0,0,0,0,0,0,1,0,0,0,0,1,0,0,0.00264753557460457,0,0.000748034539248125,0,0.000168170333676849,0.000253296912614592,0.0001084406163461,0,0,0,0.000155703020155912,0,0,0,0,0,0,0,0,0,0,0,0,0,0.000318197829318048,0,0,0,0,0.000122977269865256,0,0
2023,"Incumplimiento de obligaciones de asistencia familiar",0.28828505073161,27071,290,946,1224,368,331,2581,1021,227,769,82,2761,540,861,0,3027,242,355,951,650,216,362,844,529,725,223,1807,1090,1830,0,1308,115,796,0.191946329158832,1.09015564103687,0.305198092013235,0.387249800324322,0.0556643804470371,0.653759331458261,0.110717869289368,0.0684407390635016,1.01530885061493,0.0431702323348199,0.429896038650472,0.14982458038713,0.266745068856475,0,0.172959370832433,0.0488829538070226,0.174803051125707,0.734860028868949,0.104802316227929,0.0505054165890185,0.0524074035736348,0.329956233885802,0.261932277879943,0.247351462887728,0.0709581159379247,0.586358199636958,0.444030378195746,0.496528640748776,0,0.160854268983755,0.0468932603375173,0.472961290257413
2023,"Lesiones",1.69405201429663,224357,4746,2255,7852,4511,1980,5962,10305,5134,1951,3236,14939,3394,6237,12817,62198,7981,3922,1107,7857,4811,6388,5993,5139,4902,4360,2739,4697,3799,180,9619,205,3141,3.14130095926833,2.59862681875068,1.95785573405876,4.74696698169298,0.332977260680162,1.51015619300819,1.11748055144656,1.54790640683708,2.57590060799704,1.70364477848143,2.32604741810916,0.941675233025777,1.93227525488715,1.46722956447539,3.55392366932134,1.6121274972473,1.93120441271837,0.855404891648714,1.26681815169668,1.12491462597115,0.924802469691655,2.34292382663224,2.54455572027415,1.67243706355261,1.38734253582669,0.88878533968214,1.91340429943616,1.03077175202437,0.127398001974669,1.1829183588339,0.0835923336451395,1.86629574459615
2023,"Narcomenudeo",0.786787338744728,90071,2181,708,9839,272,385,3211,4379,9054,2243,912,19876,781,580,1735,2792,2159,531,750,7677,626,1984,1783,2202,6715,266,2738,30,210,102,2662,391,297,1.44356877205314,0.815888154179813,2.45330394388744,0.286228113283194,0.064745578465587,0.813336386405453,0.474861458979572,2.72979053515834,2.9614275057598,0.480137218162875,3.0947532286189,0.216690735708053,0.179688896558369,0.198614597360132,0.159531735501868,0.436108666402322,0.261465972247184,0.579542609518099,1.23779597181817,0.146372179558915,0.287227316823457,0.69705209125401,1.09031167465337,2.29098630798771,0.0846406225986008,0.888460847042607,0.0122210195833691,0.0569786964793677,0.0721922011189791,0.327365492381312,0.159437085147559,0.176469225133733
2023,"Otros delitos contra el patrimonio",0.152124445740054,15265,312,407,1404,628,45,1137,3485,1646,209,25,163,2,513,0,346,204,529,14,114,629,244,193,245,1250,27,378,125,41,23,789,38,100,0.206507774819157,0.469020450213537,0.350080164368123,0.660850202727375,0.00756766501545822,0.287998589642791,0.377915547966158,0.496270733473672,0.275942197371288,0.0131616561996402,0.0253795922854136,0.000554905853285667,0.158931730921454,0,0.0197700503164922,0.0412071180852587,0.260481166325349,0.0108181287110045,0.0183807139230522,0.147073643678207,0.0353243272706268,0.075452077180047,0.121310790322469,0.426468039461599,0.00859134139158729,0.122658217743647,0.0509209149307048,0.0111244121697813,0.0162786335856522,0.0970290659236872,0.0154951642854405,0.0594172475197755
2023,"Otros delitos contra la familia",0.10681281934659,13326,29,305,883,3,3,49,11,21,0,524,24,194,3,1219,8,24,404,47,5469,237,654,331,885,2,159,141,10,876,0,699,9,103,0.0191946329158832,0.351477241560513,0.220171499385365,0.00315692772003523,0.000504511001030548,0.012411548718115,0.0011928467798071,0.00633152211600675,0,0.275868313944459,0.00373687248374188,0.0538258677687097,0.000929425327026047,0.139545356877234,0.000457110989976699,0.00484789624532456,0.198930796210664,0.0363180035298009,0.881790565308531,0.0554156654240619,0.0946807788319258,0.129402267080806,0.438204283409734,0.000682348863138559,0.0505934548615696,0.0457534621742175,0.00407367319445638,0.237682562456791,0,0.0859611116358141,0.00366990733076222,0.0611997649453688
2023,"Otros delitos contra la sociedad",0.0340388420589815,6917,0,0,75,2,89,85,2182,0,137,2,1,0,23,4,2578,6,24,12,3,721,393,338,1,0,64,171,0,0,0,3,3,0,0,0,0.0187008634812031,0.00210461848002349,0.0149671596972396,0.0215302375722403,0.23661742486719,0,0.180880770525676,0.00105293249597122,0.000155703020155912,0,0.00712559417386636,0.000457901089014712,0.147304016519991,0.00121197406133114,0.0118176710620196,0.00927268175228958,0.000483702997975058,0.168585210003159,0.0568953303990013,0.132138870916352,0.000495146082948852,0,0.0203646610763551,0.0554882413602212,0,0,0,0.000368931809595769,0.00122330244358741,0
2023,"Otros delitos del Fuero Común",1.30203239482254,208948,3960,994,9497,1479,932,2157,10860,2301,1167,680,19986,1275,13179,16308,74111,3457,1977,1287,6750,1983,2414,4942,2012,4057,488,2359,7930,1885,186,5722,429,2184,2.62106021885853,1.1454700921677,2.36802800641315,1.55636536597737,0.156734750986824,0.546361440509674,1.17766509351865,0.693753923282454,1.54078729345595,0.357997048630214,3.11188056083605,0.353752481469613,4.08296546162542,1.86686273991298,4.23461907227039,0.698299055003625,0.973480653733867,0.994495117933057,1.08833174544388,0.463667782851961,0.349479205046283,1.9320423078953,0.996233918893091,1.38414466887657,0.155280540707207,0.765478136659426,3.23042284320391,0.511451632683849,0.131644602040491,0.703675938168996,0.174932249432999,1.2976726858319
2023,"Otros delitos que atentan contra la libertad personal",0.216955277694944,28441,370,123,3583,319,200,830,1614,256,336,89,0,423,1839,1076,6743,352,220,78,2254,222,202,265,1085,640,1159,566,480,668,0,1658,10,781,0.244897040650923,0.141743281022764,0.893402584708678,0.335686647563746,0.0336340667353699,0.210236437470111,0.175023154782605,0.0771842696046537,0.443619991946185,0.0468554960707192,0,0.117362587969919,0.569737725466967,0.123175392944958,0.38528742567661,0.0711024782647602,0.108328651401847,0.0602724313898823,0.363422185811927,0.0519083448276023,0.0292439102814205,0.10360000234566,0.537233499999505,0.218351636204339,0.368791284179618,0.183662833975937,0.195536313333906,0.181246520229608,0,0.203896313436595,0.00407767481195803,0.464048703129447
2023,"Otros delitos que atentan contra la libertad y la seguridad sexual",0.106173884867018,13292,635,160,919,49,571,478,1867,77,51,262,30,4,369,1351,100,329,54,79,892,25,1286,49,521,357,97,114,708,196,0,1489,3,170,0.420296272468476,0.184381503769449,0.229147913856342,0.0515631527605754,0.0960252605294809,0.121075924229775,0.202458630718169,0.0232155810920248,0.0673351773489745,0.137934156972229,0.00467109060467735,0.00110981170657133,0.114319315224204,0.154656092814719,0.00571388737470873,0.0664565776963241,0.0265897598895442,0.0610451548692397,0.143821024731251,0.00584553432743269,0.186176577336172,0.0191562268488202,0.257971109216352,0.121799272070233,0.0308651894438507,0.0369921609068141,0.288416062167512,0.0531801167140766,0,0.183113154829367,0.00122330244358741,0.101009320783618
2023,"Otros delitos que atentan contra la vida y la integridad corporal",0.129092282992244,13984,64,210,2606,315,105,386,1034,38,0,17,851,34,198,0,1557,339,649,16,405,365,272,1140,397,236,661,314,706,319,5,190,167,388,0.0423605691936732,0.242000723697402,0.649792669760205,0.331477410603699,0.0176578850360692,0.0977726082692323,0.112127597301867,0.0114570400194408,0,0.00894992621575534,0.132503270152681,0.00943339950585634,0.0613420715837191,0,0.088965226424215,0.0684765344652094,0.319569521635447,0.0123635756697194,0.0652999047266328,0.0853448011805173,0.0393779385967643,0.445675481788879,0.196572994930694,0.08051716585035,0.21032876517923,0.101890688813506,0.287601327528621,0.0865533532234205,0.00353883338818525,0.0233656812743987,0.068097169359699,0.230538920376729
2023,"Rapto",0.000403684145186375,75,0,0,0,0,0,0,6,0,0,0,0,0,1,0,0,0,3,0,65,0,0,0,0,0,0,0,0,0,0,0,0,0,0,0,0,0,0,0,0.0006506436980766,0,0,0,0,0,0.000309808442342016,0,0,0,0.00147720888275245,0,0.0104802316227929,0,0,0,0,0,0,0,0,0,0,0,0,0
2023,"Robo",4.24887961662875,581510,11048,5487,33458,5999,2316,14945,74958,6456,5684,3759,30424,5672,12455,42147,128008,11777,15385,1713,10983,9662,31823,23276,14435,15303,9026,8010,9375,9640,3027,18503,484,6272,7.31249325705783,6.32313319489355,8.34257987138793,6.31280313083045,0.389482492795583,3.78552235902507,8.12849172007096,1.94649079909236,7.50457153042296,1.9789866261779,4.73710868522346,1.57371299991815,3.8586641493698,4.82478929967577,7.31423295061716,2.37890308671614,7.5756195537155,1.32367532013934,1.77083667558669,2.25918210686619,4.60707404398834,9.09959869659469,7.14743370736668,5.22099232630469,2.8720536074247,2.59918604266299,3.81906861980286,2.61559349552907,2.14240973320735,2.27544842431684,0.197359460898768,3.72664976444032
2023,"Secuestro",0.00366715222604602,463,2,1,10,2,17,48,29,3,5,0,6,14,15,16,69,23,29,5,17,25,14,13,4,8,4,16,12,17,2,28,0,9,0.00132376778730229,0.00115238439855906,0.00249344846416042,0.00210461848002349,0.00285889567250644,0.0121582518055004,0.0031447778740369,0.000904503159429536,0.00660148797538965,0,0.00093421812093547,0.00388434097299967,0.00464712663513023,0.00183160435605885,0.00394258228854903,0.00464590056843603,0.0142796858666071,0.00386361739678732,0.002740983655192,0.00584553432743269,0.00202680566306875,0.00508226426601353,0.00198058433179541,0.00272939545255424,0.00127279131727219,0.00519188223253532,0.00488840783334766,0.00461256114356786,0.0014155333552741,0.00344336355622718,0,0.0053475522767798
2023,"Tráfico de menores",0.000101367579808522,12,0,0,1,0,0,0,2,0,0,0,3,0,0,0,0,0,0,0,0,0,0,0,1,2,1,0,2,0,0,0,0,0,0,0,0.000249344846416042,0,0,0,0.0002168812326922,0,0,0,0.000467109060467735,0,0,0,0,0,0,0,0,0,0,0,0.000495146082948852,0.000682348863138559,0.000318197829318048,0,0.000814734638891276,0,0,0,0,0
2023,"Trata de personas",0.00471238726088738,731,2,0,57,1,5,27,153,13,1,0,0,10,14,2,184,6,1,1,22,13,71,4,87,7,7,0,1,6,0,11,0,25,0.00132376778730229,0,0.0142126562457144,0.00105230924001174,0.000840851668384246,0.00683901664059397,0.0165914143009533,0.00391951369086132,0.00132029759507793,0,0,0.00277452926642833,0.00433731819278822,0.000228950544507356,0.0105135527694641,0.00121197406133114,0.000492402960917485,0.000772723479357465,0.00354715531848376,0.003039677850265,0.0102788001484201,0.00156377362031186,0.0430777092165502,0.00238822102098496,0.00222738480522634,0,0.000407367319445638,0.00162796275655336,0,0.00135274996851782,0,0.0148543118799439
2023,"Violación",0.189422511988188,22731,401,301,1013,339,308,1394,2682,494,172,282,954,403,1024,607,3353,599,484,401,1619,761,830,652,724,633,385,160,315,592,9,502,48,290,0.265415441354109,0.346867703966277,0.25258632941945,0.356732832363981,0.0517964627724696,0.353095896184741,0.29083773304024,0.14894152025273,0.227091186353404,0.148463481931942,0.14854068122874,0.111813529437062,0.317243844958224,0.0694864902579826,0.191586643673984,0.120995410456225,0.238323033084063,0.309862115222343,0.261038384573873,0.177938064927051,0.120160621453362,0.254895100110832,0.358485764054969,0.215963415183354,0.122506164287448,0.0519188223253532,0.128320705625376,0.160625658646599,0.00636990009873345,0.0617345894723586,0.0195728390973985,0.172310017807349
2023,"Violencia de género en todas sus modalidades distinta a la violencia familiar",0.033190305994271,6406,17,4,0,0,0,7,0,0,0,0,0,344,2,0,2594,0,0,0,0,8,0,1397,0,0,0,2,0,0,2,2027,2,0,0.0112520261920694,0.00460953759423623,0,0,0,0.00177307838830214,0,0,0,0,0,0.0954438067651347,0.000619616884684031,0,0.148218238499945,0,0,0,0,0.00187057098477846,0,0.546147936893915,0,0,0,0.000648985279066915,0,0,0.0014155333552741,0.249274926016874,0.000815534962391605,0
2023,"Violencia familiar",2.32679267931373,284203,3214,2946,14626,2151,972,14165,37578,12379,4069,5018,14695,3472,7535,16904,28650,1479,5877,2310,20320,7428,8804,5865,6745,9320,7601,8101,7514,8785,18,11796,193,3673,2.12729483419478,3.39492443815499,3.64691772368103,2.26351717526526,0.163461564333897,3.58795076718569,4.07498148105374,3.73228153685941,5.3722909143721,2.64180763239178,2.28805588119112,0.963316561303918,2.33440661304709,1.93509000217617,1.63702873285405,0.298751606118126,2.89385220131206,1.78499123731574,3.27628163961773,1.7368251593668,1.27457121840409,2.29288307078226,3.33976032949001,3.17974570222569,2.41862170064648,2.62871487286054,3.06095803831453,2.38360880272022,0.0127398001974669,1.45063987533056,0.0786991238707899,2.18239550140136
2024,"Aborto",0.00475281746975631,783,7,10,41,0,6,7,185,0,2,0,22,5,9,21,108,13,9,1,175,13,6,29,7,12,0,5,3,69,0,11,1,6,0.00457461025954378,0.0112860448055979,0.0100690787922607,0,0.000995329581825547,0.00175153083795237,0.0200999172318003,0,0.00262333958999826,0,0.00339425611637238,0.00138629613004345,0.00275701929454003,0.00238070540301091,0.0061307839263107,0.0026007001084692,0.0044033810137953,0.000763689905241357,0.0277416739706531,0.0030172612876325,0.000858442539147126,0.0111251859632378,0.00339619364319881,0.00405975828875775,0,0.00160683663998889,0.00121874181157845,0.0185602716578196,0,0.00135339191387703,0.000402673753724732,0.00353304456582415
2024,"Abuso de confianza",0.260567919966863,30715,791,365,649,84,189,1342,3733,619,397,429,1848,313,298,1556,4712,765,595,213,1052,422,1293,774,4165,681,363,128,635,634,1,1299,77,293,0.516930959328447,0.411940635404323,0.159386149662858,0.087989533435499,0.0313528818275047,0.335793483504583,0.405583735277354,0.184281529780818,0.520732908614654,0.224164399767162,0.28511751377528,0.0867821377407199,0.0912879721969921,0.176398933670713,0.267483832044222,0.153041198690688,0.291112411467578,0.162665949816409,0.16676709152644,0.0979449433369935,0.184994367186206,0.296927377087795,2.02073521770329,0.230391282887002,0.114667089534464,0.0411350179837157,0.257967016784106,0.170539307696487,0.000699057740072157,0.159823281466024,0.0310058790368044,0.172530342964413
2024,"Abuso sexual",0.250488368160344,34575,0,478,1840,225,142,1908,4283,916,368,514,1359,372,672,5323,4974,580,599,311,1536,520,1000,798,1087,704,555,799,266,760,22,1183,110,371,0,0.539472941707579,0.451880609213649,0.235686250273658,0.023556133436538,0.477417262687589,0.46534024596649,0.27270093906176,0.482694484559679,0.268579257529886,0.209672457370457,0.103140432075233,0.205857440658989,0.60345213620129,0.28235665971731,0.116031235608626,0.293069469695932,0.237507560530062,0.243492635536704,0.1206904515053,0.143073756524521,0.306134427540129,0.527380355736729,0.238172486273788,0.175317450941123,0.256772495070225,0.108061773959956,0.204431977680332,0.0153792702815874,0.145551148556048,0.0442941129097205,0.218459922320127
2024,"Acoso sexual",0.0760462937989324,11648,0,180,230,38,110,364,1528,481,109,97,417,156,2,299,3372,203,14,67,743,253,458,761,296,307,216,164,0,136,3,487,20,137,0,0.203148806500762,0.0564850761517061,0.0398047889351067,0.018247709000135,0.0910796035735233,0.166014451514545,0.1431977638523,0.142972007654905,0.0506851906233442,0.0643365818421492,0.0432524392573556,0.000612670954342229,0.0338967102619173,0.191416698143701,0.040610932463019,0.00684970379923714,0.0511672236511709,0.11778322148683,0.058720546597771,0.0655277804882306,0.291940224759447,0.143610474055264,0.103862149554052,0.0682316565824911,0.0527042417916357,0,0.0365825644270068,0.00209717322021647,0.0599183510961921,0.00805347507449464,0.0806711842529848
2024,"Allanamiento de morada",0.123281455284616,13341,616,256,2369,252,126,338,804,736,158,75,544,208,240,198,1820,317,301,68,487,281,168,254,295,552,68,466,267,242,46,611,26,152,0.402565702839853,0.288922747023306,0.581796284362573,0.263968600306497,0.0209019212183365,0.0845739176039859,0.0873531538073915,0.219113418285432,0.207243827609862,0.0391895803788744,0.0839306966957534,0.0576699190098075,0.0735205145210675,0.0224466509426743,0.103315062461903,0.063417071875749,0.147268631683598,0.0519309135564122,0.0772011155640461,0.0652192632172871,0.0240363910961195,0.0974412839538757,0.143125303534807,0.186748881282857,0.021480336331525,0.149757174846965,0.108468021230482,0.0650954455245267,0.0321566560433192,0.0751747690344422,0.010469517596843,0.0895037956675452
2024,"Amenazas",1.22781693827432,138717,3787,2250,5283,932,2098,3864,20132,8851,2504,1144,13045,2953,3218,9790,0,5236,5620,726,5648,4906,6029,4261,3426,3098,1945,1613,4120,2291,4,7929,668,1346,2.47486415041319,2.53936008125952,1.29743764047593,0.976264823355774,0.348033577111666,0.966845022549708,2.18730558762488,2.63501747995157,3.28442116667782,0.597771732712431,2.0126395926399,0.818746494403661,0.985787565536646,1.1098621854989,0,1.04748198214959,2.74966681083662,0.554438871205225,0.895342711921422,1.13866799054808,0.862591678086337,1.63463508239159,1.66219420308559,1.04809426488096,0.614400796541413,0.518365500060417,1.67373875456774,0.616254816928474,0.00279623096028863,0.975549498648269,0.268986067488121,0.792579664266552
2024,"Contra el medio ambiente",0.0174450566856426,2534,100,4,11,11,41,51,892,6,4,0,8,6,12,48,292,526,7,79,37,1,23,2,158,163,0,8,0,8,0,31,2,3,0.0653515751363397,0.00451441792223915,0.00270146016377725,0.0115224389022677,0.00680141880914124,0.0127611532479387,0.0969141955176533,0.00178625069254428,0.00524667917999651,0,0.00123427495140814,0.00166355535605214,0.00367602572605337,0.00544161234973923,0.0165758232081734,0.105228327465754,0.00342485189961857,0.0603315025140672,0.00586538249665237,0.000232097022125577,0.00329069640006398,0.000767254204361226,0.0766569422322016,0.0551450500889595,0,0.00257093862398223,0,0.00215191555452981,0,0.00381410448456254,0.000805347507449464,0.00176652228291208
2024,"Corrupción de menores",0.0236814463757114,2822,62,67,384,20,3,157,384,31,38,0,494,10,70,126,108,33,42,24,260,29,42,0,149,23,68,75,32,24,0,40,2,25,0.0405179765845306,0.0756165001975058,0.0943055184445876,0.020949888913214,0.000497664790912774,0.0392843345083603,0.0417209092811422,0.00922896191147878,0.0498434522099669,0,0.0762164782494525,0.0027725922600869,0.021443483401978,0.0142842324180655,0.0061307839263107,0.00660177719842182,0.0205491113977114,0.0183285577257926,0.0412162013278275,0.00673081364164173,0.00600909777402988,0,0.0722904075480889,0.00778120338678569,0.021480336331525,0.0241025495998334,0.0129999126568368,0.00645574666358943,0,0.00492142514137101,0.000805347507449464,0.0147210190242673
2024,"Daño a la propiedad",1.29772740067473,144070,5136,1964,8403,1057,1400,9816,10812,7708,3016,1977,13209,2290,2660,2251,16348,4291,3510,839,6581,2597,3729,1615,5821,5535,2684,2262,1969,4159,36,6998,680,2717,3.35645689900241,2.21657919981942,2.0636699778382,1.10720162906336,0.232243569092628,2.4561466721915,1.17470435194716,2.29473672302188,3.95599610171737,1.03303733878713,2.03794222914376,0.6349236275599,0.814852369275164,0.255188945817979,0.928019033586364,0.858431089649334,1.71731859538017,0.640735830497498,1.04324546514782,0.602755966460124,0.533522038079939,0.61955777002169,2.82417759958004,1.87256351068951,0.847841510497251,0.726932895930975,0.799900875665992,1.11872709891118,0.0251660786425976,0.861003328482859,0.273818152532818,1.59988034755737
2024,"Delitos cometidos por servidores públicos",0.130204312246288,18698,512,318,703,33,92,709,4276,562,218,0,128,203,527,443,3748,273,52,116,1576,223,767,1,616,608,155,70,129,493,0,755,55,337,0.334600064698059,0.358896224818013,0.172647863194128,0.0345673167068032,0.0152617202546584,0.177405052015462,0.464579708557719,0.167312148201647,0.28594401530981,0,0.0197483992225302,0.056283622879764,0.161438796469177,0.050221547311135,0.212760908850116,0.0546147022778532,0.0254417569685951,0.0885880290079974,0.249833589587139,0.0517576359340037,0.109737571254308,0.000383627102180613,0.298865040601495,0.205694419963726,0.0489625313439172,0.0224957129598445,0.0524058978978735,0.132611796047899,0,0.0928918995433779,0.0221470564548603,0.198439336447123
2024,"Despojo",0.211491034453865,28364,387,386,1383,66,134,1019,3643,381,360,320,1390,500,696,1282,4936,834,996,190,1235,746,1265,766,776,555,507,286,483,480,2,1966,39,355,0.252910595777635,0.435641329496078,0.339647218773085,0.0691346334136063,0.0222290273274372,0.254972846267638,0.395805397164586,0.113426918976562,0.472201126199686,0.167208876283197,0.214455272807164,0.138629613004345,0.213209492111096,0.145336396507619,0.280199532039534,0.166844914651024,0.487307498860014,0.145101081995858,0.195776956307181,0.17314437850568,0.180988302003519,0.29385836027035,0.376492323874611,0.187763820855046,0.160154860589458,0.0919110558073647,0.196217431664131,0.129114933271789,0.00139811548014431,0.241888045698385,0.0157042763952646,0.209038470144596
2024,"Electorales",0.0206978009666595,3092,81,14,69,9,13,58,1072,107,29,5,50,87,198,8,419,76,4,3,129,169,58,16,32,58,10,2,44,150,10,37,11,64,0.0529347758604352,0.015800462727837,0.0169455228455118,0.00942745001094632,0.00215654742728869,0.0145126840858911,0.116470871743189,0.0318548040170396,0.0380384240549747,0.00261263869192496,0.00771421844630086,0.024121552662756,0.0606544244798807,0.000906935391623205,0.0237851709733721,0.0152040929418199,0.00195705822835347,0.00229106971572407,0.0204495768126529,0.0392243967392225,0.00829827787842222,0.00613803363488981,0.0155254566546231,0.0196221650623291,0.00315887298993014,0.000642734655995557,0.0178748799031507,0.0403484166474339,0.00699057740072157,0.00455231825576819,0.00442941129097205,0.0376858087021243
2024,"Evasión de presos",0.00065974141368597,100,0,0,6,2,1,2,13,0,0,0,3,1,1,5,18,0,1,0,14,3,7,2,5,2,0,4,3,1,1,4,0,1,0,0,0.00147352372569668,0.0020949888913214,0.000165888263637591,0.000500437382272106,0.00141242661628867,0,0,0,0.000462853106778052,0.00027725922600869,0.000306335477171114,0.000566834619764503,0.00102179732105178,0,0.000489264557088367,0,0.00221933391765225,0.000696291066376731,0.00100151629567165,0.000767254204361226,0.00242585260228486,0.000676626381459625,0,0.00128546931199111,0.00121874181157845,0.000268989444316226,0.000699057740072157,0.000492142514137101,0,0.000588840760970692
2024,"Extorsión",0.0624883279305805,10240,110,93,98,55,22,6,473,51,138,35,1027,139,311,543,3439,295,322,15,866,132,129,236,175,128,89,64,144,103,1,938,1,62,0.0718867326499737,0.10496021669206,0.0240675541863791,0.0576121945113386,0.00364954180002701,0.00150131214681632,0.0513905991926569,0.0151831308866264,0.18101043170988,0.0182884708434747,0.15845004688702,0.0385390324152079,0.0952703334002166,0.061558239706425,0.195220054838727,0.0590158870768011,0.157543187382454,0.0114553485786203,0.137281655191918,0.0306368069205762,0.0184565145916632,0.0905359961146247,0.0849048410799702,0.043304088413416,0.0281139696103783,0.0205675089918578,0.0584996069557658,0.0277059127645713,0.000699057740072157,0.11540741956515,0.000402673753724732,0.0365081271801829
2024,"Falsedad",0.0626200085787528,5513,129,447,220,29,11,237,723,36,89,14,315,88,146,234,156,32,97,20,213,376,117,206,626,0,63,94,42,134,0,330,3,286,0.0843035319258783,0.504486202810225,0.054029203275545,0.0303773389241604,0.0018247709000135,0.0593018297992445,0.0785526495059006,0.0107175041552657,0.116738611754922,0.00731538833738989,0.0485995762116954,0.0243988118887647,0.0447249796669827,0.0265278602049787,0.00885557678244879,0.00640172334392418,0.0474586620375716,0.0152737981048271,0.0337655803185664,0.087268480319217,0.016739629513369,0.0790271830492063,0.303716745806065,0,0.0199008998365599,0.0302085288317912,0.0170623853620983,0.0360445855383743,0,0.0406017574163109,0.0012080212611742,0.168408457637618
2024,"Falsificación",0.0962930172648301,14144,220,73,366,129,58,1039,2611,130,290,77,1056,245,178,1230,2482,530,198,32,843,318,310,194,317,186,138,44,139,153,1,433,4,120,0.143773465299947,0.0823881270808645,0.0898849472674976,0.135126783490231,0.00962151929098029,0.259977220090359,0.283680453471516,0.0387020983384594,0.380384240549747,0.0402346358556444,0.162924293585874,0.067928510372129,0.0545277149364584,0.139441316462068,0.140894497269474,0.106028542883744,0.0968743823034967,0.0244380769677234,0.133635606612918,0.0738068530359335,0.0443528645226015,0.074423657823039,0.15379905498486,0.0629262534757451,0.043592447261036,0.0141401624319023,0.056468370603135,0.0411553849803826,0.000699057740072157,0.0532744271553412,0.00161069501489893,0.0706608913164831
2024,"Feminicidio",0.00692814891777516,824,7,8,38,6,32,47,68,20,6,11,15,22,20,38,73,14,50,11,60,20,42,4,12,13,26,25,28,26,13,54,7,8,0.00457461025954378,0.0090288358444783,0.00933231692941232,0.00628496667396421,0.00530842443640292,0.0117602784833945,0.00738807768520227,0.0059541689751476,0.00787001876999477,0.00574780512223491,0.00231426553389026,0.00609970297219118,0.00612670954342229,0.00430794311021022,0.00414395580204334,0.00280075396296683,0.0244632278544184,0.00840058895765492,0.0095114310756525,0.00464194044251154,0.00600909777402988,0.00153450840872245,0.00582204624548367,0.00439807147948756,0.00821306977381838,0.00803418319994447,0.0113749235747322,0.00699372555222188,0.00908775062093804,0.00664392394085087,0.00281871627607313,0.00471072608776554
2024,"Fraude",0.819035950390172,113824,3124,1716,3147,400,248,5993,21939,2457,1458,1465,5150,846,1416,11884,17753,2499,2192,617,4925,1816,4299,4588,256,3230,1017,690,1329,1755,11,3858,86,1660,2.04158320725925,1.9366852886406,0.77286319412791,0.418997778264281,0.0411402893821226,1.49956061597836,2.38363288728901,0.731469658596882,1.91241456110873,0.765503136734013,0.794564499968989,0.234561305203352,0.433771035674298,1.34725252425627,1.00777599114624,0.499934582389579,1.0724679091377,0.471196671533917,0.780729967459809,0.421488192180048,0.615074079298916,1.76008114480465,0.124203653236985,1.09275160605729,0.321257383075896,0.221743456318467,0.539902622529255,0.472076474774977,0.00768963514079372,0.474671454885234,0.034629942820327,0.977475663211349
2024,"Homicidio",0.362013948476293,43145,246,142,2542,197,1426,2017,1663,399,877,284,3772,1800,428,2409,3562,2519,1627,386,2111,2203,1847,548,1487,696,1419,1423,1180,1018,158,1766,201,792,0.160764874835396,0.16026183623949,0.624282885120161,0.206356405795158,0.236556663947205,0.504691100021419,0.180681958683697,0.118785671054195,1.15033441021423,0.148397877701338,0.581960639588937,0.499066606815642,0.131111584229237,0.273100919802537,0.202202336532581,0.503935659479532,0.796033434382773,0.294784303423164,0.334643850011707,0.511309739742646,0.26425722830079,0.210227651994976,0.721448563919518,0.23546598074795,0.448244077271088,0.457305707740839,0.479371779220858,0.273831254313918,0.110451122931401,0.21728091999153,0.0809374244986712,0.466361882688788
2024,"Hostigamiento sexual",0.0292725666830712,3243,152,21,1530,12,21,88,0,39,32,19,71,15,175,112,179,34,66,0,68,67,82,37,38,27,12,19,190,53,1,53,2,28,0.0993343942072364,0.0237006940917555,0.375748550052654,0.0125699333479284,0.00348365353638942,0.0220192448199727,0,0.0116106295015378,0.0419734334399721,0.00992802702931485,0.0109541901937472,0.00415888839013035,0.053608708504945,0.0126970954827249,0.0101612066926816,0.00680183105291945,0.0322914607678322,0,0.0107796218857395,0.0155505004824137,0.0117320480350107,0.0141942027806827,0.018436479777365,0.00913445614970494,0.00379064758791617,0.0061059792319578,0.0771869813999687,0.01425644054876,0.000699057740072157,0.00652088831231659,0.000805347507449464,0.0164875413071794
2024,"Incesto",0.000139958178390659,8,1,1,0,0,0,1,0,0,0,0,0,0,0,0,0,0,5,0,0,0,0,0,0,0,0,0,0,0,0,0,0,0,0.000653515751363397,0.00112860448055979,0,0,0,0.000250218691136053,0,0,0,0,0,0,0,0,0,0,0.00244632278544184,0,0,0,0,0,0,0,0,0,0,0,0,0,0,0
2024,"Incumplimiento de obligaciones de asistencia familiar",0.286070690435891,28148,315,958,1351,193,282,2594,1035,252,771,79,2713,408,762,900,3016,263,372,933,770,224,582,739,564,609,256,2551,1013,1506,21,1211,121,784,0.20585746167947,1.08120309237628,0.33178842556937,0.202166428012515,0.0467804903458007,0.649067284806921,0.112450888296829,0.0750225290868597,1.01129741194433,0.0412796913324144,0.418573492896285,0.113121764211545,0.233427633604389,0.102030231557611,0.17120781779401,0.0526141637328769,0.182006415236873,0.712522681590186,0.122063365470874,0.0519897329561293,0.0832689262972712,0.283500428511473,0.273636173537732,0.206032733154456,0.0808671485422117,0.819808053722333,0.411528485042991,0.405098103140237,0.0146802125415153,0.148996146155007,0.0487235242006926,0.461651156601023
2024,"Lesiones",1.59865324271696,220590,4831,2492,6810,2504,1574,6753,10694,5598,1939,2811,16488,3345,5346,12981,60713,8305,3906,1243,7547,4670,6271,6020,4881,4947,4337,2420,4549,3773,128,9703,236,2775,3.15713459483657,2.81248236555499,1.67244942866573,2.6229260919344,0.261108126965569,1.68972682124177,1.16188386419931,1.66657189614381,2.54332773250331,1.46882547260021,2.54384067485217,0.927432110999068,1.63766946095678,1.4716160398326,3.44646559738983,1.66144726160282,1.91106735998716,0.949266552215006,1.19637950546582,1.08389309332644,0.897215527165271,2.30943515512729,2.36811731035048,1.67363535454038,1.3700032157327,0.777708933754624,1.84801883362346,1.01489717340512,0.0894793907292361,1.19381470366807,0.0950310058790368,1.63403311169367
2024,"Narcomenudeo",0.787249859358255,92256,2182,1054,8180,350,255,5061,4900,8731,1549,807,20211,718,635,1983,2489,1781,493,615,8158,529,1736,1685,2476,7426,209,3999,330,231,73,2539,462,409,1.42597136947493,1.18954912251002,2.00890401269981,0.366623055981246,0.0423015072275858,1.26635679583956,0.532376186139575,2.59929246610068,2.03177651245365,0.421679884876689,3.11824138036373,0.199072124274239,0.194523028003658,0.224806610198602,0.141291862894327,0.35629591486028,0.241207426644565,0.469669291723434,1.29323757858622,0.12277932470443,0.248376041326568,0.646411667174333,1.20128220865146,2.51231375435959,0.06602044548954,1.28514794466312,0.13406159927363,0.0621365616370482,0.0510312150252674,0.312387460848525,0.186035274220826,0.240835871237013
2024,"Otros delitos contra el patrimonio",0.136583534902736,14348,512,360,1370,372,40,1130,3397,1553,197,45,149,0,417,0,466,204,620,6,176,460,214,176,271,607,50,420,211,50,16,771,13,75,0.334600064698059,0.406297613001524,0.336454584034076,0.389667933785781,0.00663553054550365,0.28274712098374,0.369077939656354,0.462341220920211,0.258398949614828,0.0235137482273246,0.0229883709699766,0,0.127741893980355,0,0.026453197311674,0.0408109863175167,0.303344025394788,0.00458213943144814,0.027900197821914,0.106764630177765,0.0306177838962475,0.0675183699837879,0.13148121104384,0.205356106772996,0.0157943649496507,0.134974277759067,0.0857181740810179,0.0134494722158113,0.0111849238411545,0.0948604695999263,0.00523475879842152,0.0441630570728019
2024,"Otros delitos contra la familia",0.103894524552425,12793,45,278,1130,1,0,65,18,37,0,523,22,176,3,346,8,43,431,62,5103,227,949,319,826,2,181,175,9,816,1,863,15,119,0.0294082088113529,0.313752045595621,0.277513635006208,0.0010474944456607,0,0.0162642149238434,0.00195566762255354,0.0110152126040231,0,0.273282007175351,0.00339425611637238,0.0487976237775294,0.000919006431513343,0.0392249556877036,0.000454132142689682,0.00860231574339812,0.210873024105086,0.0473487741249641,0.808947212984245,0.052686024022506,0.13577699494177,0.122377045595616,0.400750849897459,0.000676626381459625,0.0571756011177356,0.0562392823996113,0.00365622543473536,0.219495386562041,0.000699057740072157,0.10617974742508,0.00604010630587098,0.0700720505555124
2024,"Otros delitos contra la sociedad",0.0331072835486279,5741,0,0,62,3,116,98,1667,0,151,6,6,1,14,7,1749,1,45,14,2,749,341,415,1,0,98,192,1,0,0,0,2,0,0,0,0.015226411832199,0.00314248333698211,0.0192430385819606,0.0245214317313332,0.181116551488709,0,0.198062139044868,0.00313516643030995,0.000925706213556103,0.00027725922600869,0.0042886966803956,0.000793568467670304,0.0992846396955316,0.000200053854497631,0.0220169050689765,0.010691658673379,0.00031704770252175,0.173840669572057,0.0487881509748617,0.159205247404954,0.000485170520456972,0,0.0309569553013154,0.0617025269755735,0.000406247270526151,0,0,0,0.000805347507449464,0
2024,"Otros delitos del Fuero Común",1.26919644778784,197966,4453,1158,8510,738,885,2202,10508,2438,1441,653,20984,989,14771,14150,66670,4024,2271,1331,6147,1550,2562,4238,2084,3408,717,2157,8610,1923,141,3774,367,2112,2.91010564082121,1.30692398848823,2.08994781761313,0.773050900897598,0.146811113319268,0.550981557881589,1.14167529876626,0.725813198070492,1.89011617459374,0.3412106131654,3.23750319754355,0.274209374522594,4.52488133329453,1.60414197393354,3.78462374414013,0.805016710498466,1.11111980914768,1.01647126387625,0.974446113700598,0.359750384294644,0.366554964215823,1.62581165904144,1.01109536463233,1.1529713540072,0.226491193377991,0.693189326491209,3.49778899923016,0.517266701420103,0.0985671413501741,0.464336462088355,0.147781267616977,1.2436316871701
2024,"Otros delitos que atentan contra la libertad personal",0.195361846686443,25988,388,132,1985,191,312,851,1350,272,269,80,0,336,1724,912,6356,386,198,80,1978,248,226,277,1316,610,1599,569,440,475,0,1771,0,657,0.253564111528998,0.148975791433892,0.487490765917986,0.200071439121194,0.0517571382549285,0.212936106156781,0.146675071691516,0.0809766980620073,0.352839174854765,0.0418022190707994,0,0.0931590999389198,0.528122362643001,0.103390634645045,0.360807987366952,0.0772207878360855,0.0968743823034967,0.0610951924193085,0.313560177794011,0.0575600614871431,0.0323346689745417,0.10626470730403,0.638484404921376,0.206371046345186,0.50510379108983,0.182858009630736,0.178748799031507,0.127769986050207,0,0.217896098134202,0,0.386868379957745
2024,"Otros delitos que atentan contra la libertad y la seguridad sexual",0.103202432042365,12958,580,257,896,18,481,480,1717,76,44,255,22,1,330,1236,59,313,73,48,847,25,1620,61,502,370,155,112,517,209,2,1455,2,195,0.37903913579077,0.290051351503865,0.220046209704038,0.0188549000218926,0.0797922548096814,0.120104971745305,0.186548961551357,0.0226258421055609,0.0577134709799616,0.133244573288173,0.00339425611637238,0.00027725922600869,0.101090707466468,0.140121518005785,0.0033492245523364,0.0626168564577584,0.0357163126674508,0.0366571154515851,0.134269702017961,0.00580242555313943,0.231779485569724,0.0234012532330174,0.2435556012694,0.125175880570031,0.0489625313439172,0.0359931407357512,0.21002983886202,0.0562187938620913,0.00139811548014431,0.179016839517371,0.000805347507449464,0.114823948389285
2024,"Otros delitos que atentan contra la vida y la integridad corporal",0.120946038566765,13825,60,304,2640,179,109,411,1016,43,0,11,991,24,155,177,1684,302,616,19,339,224,261,985,325,226,681,506,477,370,2,251,67,370,0.0392109450818038,0.343095762090176,0.64835043930654,0.187501505773266,0.0180818207364974,0.102839882056918,0.110386572473022,0.0128014632965673,0,0.00574780512223491,0.152895809605683,0.00665422142420856,0.0474819989615227,0.0200659455396634,0.095594816036178,0.0604162640582845,0.301386967166434,0.0145101081995858,0.0537395855774366,0.0519897329561293,0.0373422504529,0.377872695647904,0.157680419148516,0.0764587811049376,0.215119250614243,0.162611867966876,0.193779948040974,0.0995260943970037,0.00139811548014431,0.0308819427621031,0.0269791414995571,0.217871081559156
2024,"Rapto",0.000433622446669976,84,0,0,0,0,0,0,5,0,0,0,0,0,1,0,0,0,2,0,76,0,0,0,0,0,0,0,0,0,0,0,0,0,0,0,0,0,0,0,0.000543241006264873,0,0,0,0,0,0.000306335477171114,0,0,0,0.000978529114176734,0,0.0120478126958265,0,0,0,0,0,0,0,0,0,0,0,0,0
2024,"Robo",3.78184395014658,539605,10364,5606,29441,2868,2380,14249,68318,5587,4446,2847,31658,5871,11349,38459,122206,11500,14554,1334,9734,6873,32344,21655,12586,13749,9141,6397,9794,9389,2682,16213,510,5501,6.77303724713025,6.32695671801817,7.230335334706,3.00421407015489,0.394814067457467,3.56536612999762,7.42262781320071,1.66329710320748,5.83168390856612,1.48763647118207,4.88433455145985,1.62778891589702,3.47660133041498,4.3599785283046,6.9372090786919,2.30061932672275,7.12075636386409,1.01876233359197,1.54307116817336,1.59520283306909,4.62757758102911,8.30744489772118,6.10635617047145,4.65146805934419,2.88752580009515,2.05578679720179,3.97878576753312,2.52554189268505,1.87487285887352,1.99477664542621,0.205363614399613,3.23921302609978
2024,"Secuestro",0.00395675811510258,485,2,2,15,0,23,51,23,0,6,0,9,10,14,16,51,29,7,2,25,19,21,7,11,4,7,27,36,19,12,28,0,9,0.00130703150272679,0.00225720896111958,0.0036838093142417,0,0.0038154300636646,0.0127611532479387,0.00249890862881841,0,0.00787001876999477,0,0.00138855932033416,0.0027725922600869,0.0042886966803956,0.00181387078324641,0.00289509240964672,0.00580156178043129,0.00342485189961857,0.00152737981048271,0.00396309628152187,0.00440984342038596,0.00300454888701494,0.00268538971526429,0.0053368757250267,0.00135325276291925,0.0022112110929511,0.00867691785594002,0.0146249017389414,0.0051107994420083,0.00838869288086588,0.00344499759895971,0,0.00529956684873623
2024,"Tráfico de menores",9.37505248626821e-05,15,1,0,0,0,0,0,3,0,0,0,5,1,0,3,0,0,0,0,0,0,0,0,0,0,2,0,0,0,0,0,0,0,0.000653515751363397,0,0,0,0,0,0.000325944603758924,0,0,0,0.000771421844630086,0.00027725922600869,0,0.000340100771858702,0,0,0,0,0,0,0,0,0,0,0.000631774597986029,0,0,0,0,0,0,0
2024,"Trata de personas",0.00496249706979219,624,1,3,25,0,3,40,91,16,2,0,4,7,9,10,139,7,1,1,11,6,41,1,128,17,7,0,1,8,0,10,0,35,0.000653515751363397,0.00338581344167936,0.00613968219040284,0,0.000497664790912774,0.0100087476454421,0.00988698631402068,0.00476333518011808,0.00262333958999826,0,0.000617137475704069,0.00194081458206083,0.00275701929454003,0.00113366923952901,0.00789054597923322,0.00140037698148342,0.000489264557088367,0.000763689905241357,0.00174376236386962,0.00139258213275346,0.00586602401750536,0.000383627102180613,0.0621018266184925,0.00575132424240681,0.0022112110929511,0,0.000406247270526151,0.00215191555452981,0,0.00123035628534275,0,0.0206094266339742
2024,"Violación",0.176379736263174,21473,415,252,941,274,227,1512,2521,481,172,271,965,352,914,555,3162,545,469,335,1531,677,705,670,718,625,378,205,272,519,14,464,45,287,0.27120903681581,0.284408329101067,0.231097637646763,0.287013478111032,0.0376566358457332,0.378330660997712,0.273902115358749,0.1431977638523,0.22560720473985,0.141605017102333,0.148884416013607,0.0975952475550588,0.279990626134399,0.0629186427938598,0.179495729398097,0.109029350701209,0.229465077274444,0.255836118255854,0.2427000162804,0.157129683979016,0.100866998349787,0.257030158461011,0.348352433688106,0.211445744206133,0.119405399019359,0.0658803022395446,0.110499257583113,0.139605521600121,0.00978680836101019,0.0570885316399038,0.018120318917613,0.168997298398589
2024,"Violencia de género en todas sus modalidades distinta a la violencia familiar",0.0342448364605997,6614,14,7,0,0,0,1,0,0,0,0,0,361,6,0,2679,0,0,0,0,18,0,1469,0,0,0,2,0,0,0,2046,11,0,0.00914922051908756,0.00790023136391851,0,0,0,0.000250218691136053,0,0,0,0,0,0.100090580589137,0.00183801286302669,0,0.152077501283207,0,0,0,0,0.00417774639826039,0,0.563548213103321,0,0,0,0.000642734655995557,0,0,0,0.251730895981127,0.00442941129097205,0
2024,"Violencia familiar",2.27207996453911,278276,3358,3344,14729,1186,845,14235,36256,13022,4245,5004,15958,2785,6802,14550,27976,1456,5759,2513,19184,5694,10461,5562,7195,9562,7336,8366,7288,8331,28,11321,301,3624,2.19450589307829,3.77405338299193,3.61725515929774,1.24232841255359,0.140175582773765,3.56186306832171,3.93914918462784,3.8767594197186,5.5680382797713,2.6147288028785,2.46206995932138,0.772166944434201,2.08369391571792,1.6494887435147,1.58810010298582,0.29127841214855,2.81767458427191,1.91915273187153,3.04112156258862,1.32156044398304,1.49669456700301,2.13373394232857,3.49080189468792,3.23495072975847,2.31734922541275,2.68855906602942,2.96073010759459,2.24095106059848,0.0195736167220204,1.39288635063653,0.121204799871144,2.13395891775779
2025,"Aborto",0.00500419888748861,890,9,8,65,0,5,5,244,2,6,0,20,3,12,10,139,14,12,1,218,16,5,0,7,15,0,7,2,47,0,13,0,5,0.00580975755236205,0.00884904850605939,0.0157323315630023,0,0.000818611559482854,0.00123666565260083,0.0265689336427816,0.000588190833810503,0.00782161503314409,0,0.00305919433975626,0.000831616046197935,0.00363652121894979,0.00112317576600026,0.00784283942835744,0.00277500827547111,0.00583628349357984,0.000755126174032419,0.0339927988282776,0.00368716523132238,0.00070720117497232,0,0.00333073535975273,0.00503393712612529,0,0.00222875849873375,0.000810530739580931,0.0125386196153632,0,0.00160073387491496,0,0.00291896486500371
2025,"Abuso de confianza",0.263725799792961,31574,801,305,602,21,78,1397,3919,794,354,362,2092,304,519,1191,5361,778,631,175,623,303,1431,810,4891,638,336,202,689,554,1,997,108,307,0.517068422160223,0.337369974293514,0.145705593860421,0.0219077018090546,0.0127703403279325,0.345524383336672,0.426736274369102,0.23351176102277,0.461475286955502,0.187844294722509,0.319991727938505,0.084270426014724,0.157279542719578,0.133770233730631,0.302485339391541,0.154211174165466,0.30689124037074,0.132147080455673,0.0971445581193437,0.0698256915681675,0.202400976277078,0.30515129288082,2.32723237779294,0.214110125764529,0.105412889110033,0.064315602392031,0.279227839785631,0.147795643976834,0.000690740826443769,0.122763974868478,0.0429686396566328,0.179224442711228
2025,"Abuso sexual",0.230262923807061,33050,0,405,1590,131,120,1865,3779,810,350,480,1647,356,762,5415,4848,625,598,259,1574,457,911,677,1069,689,491,665,225,720,14,1105,113,300,0,0.447983080619256,0.384837033618056,0.136662330332674,0.0196466774275885,0.46127628842011,0.411491804246195,0.238217287693254,0.456260876933405,0.249075307919349,0.251924653878928,0.0986851041488216,0.230919097403312,0.608199677289139,0.273540183803431,0.123884298012103,0.290841460763396,0.195577679074397,0.245434244750958,0.105314656919645,0.128852054079957,0.255046204049772,0.508650871367952,0.231225511993355,0.154040858788768,0.211732057379706,0.0911847082028548,0.192080981341734,0.00967037157021277,0.136062379367772,0.0449579285296251,0.175137891900223
2025,"Acoso sexual",0.076087613181416,11338,0,172,223,19,64,440,1524,541,107,89,440,170,6,260,2806,238,7,66,835,226,455,814,335,344,223,142,1,148,2,474,21,146,0,0.190254542880277,0.0539739990546079,0.019821254017716,0.0104782279613805,0.108826577428873,0.165946946195078,0.159105620545741,0.13948546809107,0.0461827133433794,0.0673022754746378,0.0471249092845496,0.0018182606094749,0.0292025699160067,0.158323794503388,0.0471751406830088,0.00340449870458824,0.0498383274861397,0.130201775328494,0.0520812088924286,0.0643553069224811,0.306658212845664,0.159399477931023,0.115444958092473,0.0699615305700516,0.0452119581171703,0.000405265369790466,0.0394833128313564,0.00138148165288754,0.0583652197468994,0.00835501326656749,0.0852337740581084
2025,"Allanamiento de morada",0.12037925104116,13383,495,258,2458,157,59,344,755,843,157,78,625,210,305,226,1865,273,328,68,302,243,227,305,322,653,89,467,265,255,39,505,42,165,0.319536665379913,0.285381814320415,0.594924168951687,0.163786151620075,0.00965961640189767,0.0850825968989372,0.0822112495913938,0.247922436451127,0.20466559336727,0.0404747375368943,0.0955998231173833,0.0582131232338554,0.0924282476483072,0.0253837723116058,0.105229464272566,0.0541126613716866,0.159525082157849,0.0513485798342045,0.0470909414960543,0.0559988219507086,0.0321069333437433,0.114902647319321,0.153213826548625,0.219144062890654,0.0279218664606932,0.148690031272666,0.107395322994473,0.068028680891864,0.026938892231307,0.0621823543716966,0.016710026533135,0.0963258405451225
2025,"Amenazas",1.23529734342161,138874,2905,2398,4033,432,691,3580,19810,13184,2897,1121,15267,3124,4717,9738,0,5027,5303,621,2958,4252,5820,3984,4118,3005,2462,1257,4673,2162,5,7087,791,1452,1.87526063217909,2.6525022896913,0.976130664516743,0.450672722929122,0.11313211752053,0.885452607262195,2.1570925223914,3.87735397647884,3.77653645850307,0.581694625369981,2.33523599925294,0.865989509440783,1.42945588248218,1.09374856093105,0,0.996426185770947,2.57915094720449,0.468933354074132,0.461241738229565,0.979864160223922,0.823182167667781,1.50089228498418,1.95942403020882,1.0084654042671,0.7724003958003,0.400221347558331,1.89380507303085,0.576776502306706,0.00345370413221885,0.872646228578641,0.314705499707376,0.847667396797078
2025,"Contra el medio ambiente",0.0185319398357155,2789,92,9,27,2,56,33,1015,18,3,0,13,9,23,44,249,288,15,50,327,2,31,4,229,204,0,4,7,4,0,27,1,3,0.0593886327574788,0.00995517956931681,0.00653496849540096,0.00208644779133853,0.00916844946620796,0.00816199330716549,0.110522408391079,0.00529371750429453,0.00391080751657205,0,0.00198847632084157,0.0024948481385938,0.0069699990029871,0.00494197337040113,0.0140494030047554,0.0570858845239771,0.00729535436697481,0.037756308701621,0.0509891982424164,0.000460895653915297,0.00438464728482839,0.00150691996484356,0.108962628197625,0.068461544915304,0,0.00127357628499071,0.00283685758853326,0.00106711656300963,0,0.00332460112482338,0.000397857774598452,0.00175137891900223
2025,"Corrupción de menores",0.0270570536993947,3200,81,82,279,11,17,199,355,52,51,0,663,9,100,168,65,31,79,25,353,53,42,0,150,19,66,74,51,40,0,53,3,29,0.0522878179712585,0.0907027471871087,0.0675280077858099,0.0114754628523619,0.0027832793022417,0.0492192929735131,0.038655620668801,0.0152929616790731,0.0664837277817248,0,0.10141229236292,0.0024948481385938,0.0303043434912483,0.0188693528688043,0.0036675148405988,0.00614466118140031,0.0384221996660673,0.0188781543508105,0.055043385258633,0.0122137348287554,0.00594048986976749,0,0.0713729005661298,0.00637632035975871,0.0207061032180422,0.0235611612723282,0.0206685338593137,0.0106711656300963,0,0.0065260688746533,0.00119357332379536,0.0169299962170215
2025,"Daño a la propiedad",1.19470114877978,134186,4924,1805,6255,588,877,9380,10490,9192,3167,1753,14854,2167,3268,2175,15645,4262,2701,752,2538,1722,4220,1634,5964,4916,2627,2062,3,4286,36,6246,1045,2632,3.17858290975897,1.99656656917965,1.51393436810122,0.613415650653528,0.143584467533293,2.31998476427916,1.14224636849499,2.70332507219307,4.12850913499456,0.909643780797124,2.27206363613698,0.600703990703641,0.990345945293993,0.244290729105056,0.882742610479512,0.844791805004133,1.31365014301326,0.567854882872379,0.395751024890681,0.396831158021071,0.596877791676638,0.615576805638593,2.83778652650932,1.64978899413546,0.824165653845406,0.656528574912712,0.0012157961093714,1.14341539726482,0.0248666697519757,0.769091060209142,0.415761374455382,1.53654310493795
2025,"Delitos cometidos por servidores públicos",0.134030646800479,19463,441,306,678,14,63,565,4352,446,224,0,154,239,809,425,3720,244,72,156,1830,253,903,0,668,712,173,69,166,531,0,849,31,370,0.284678120065741,0.338476105356772,0.164100319995624,0.0146051345393697,0.010314505649484,0.139743218743894,0.473885242677809,0.131166555939742,0.29200696123738,0,0.0235557964161232,0.0662520783471021,0.245162138844198,0.0477349700550109,0.209894695492731,0.048364429943925,0.0350177009614791,0.117799683149057,0.285352393833706,0.0583033002202851,0.127720532200001,0,0.317847317187832,0.238944215586747,0.0542750887382014,0.0219691909160898,0.0672740513852173,0.141659723739529,0,0.104540235369446,0.012333591012552,0.216003400010275
2025,"Despojo",0.214750478393913,29648,396,444,1286,26,101,861,3797,534,334,244,1671,494,1010,1257,5594,869,1056,108,1387,702,1536,811,832,483,531,296,510,513,6,1503,89,367,0.25562933230393,0.491122192086296,0.311258129077245,0.0271238212874009,0.0165359535015536,0.212953825377863,0.413451807547711,0.157046952627404,0.435403236845021,0.126613281525669,0.255595687086636,0.136939442273927,0.306073869261607,0.141183193786232,0.315631969512457,0.172248727956028,0.513592947435026,0.0815536267955013,0.21627528428817,0.161774374524269,0.217252200951497,0.305528022872031,0.395881688473467,0.162092775461234,0.166590012254248,0.0942446450893127,0.206685338593137,0.136857699205985,0.00414444495866262,0.185069462615168,0.0354093419392622,0.214252021091273
2025,"Electorales",0.00654072590306705,933,9,7,11,0,23,40,140,18,4,6,2,35,102,0,28,17,2,2,55,167,111,0,6,23,4,0,5,14,0,81,2,19,0.00580975755236205,0.00774291744280196,0.00266239457220039,0,0.00376561317362113,0.00989332522080665,0.0152444701229075,0.00529371750429453,0.00521441002209606,0.00311344134899187,0.000305919433975626,0.00970218720564257,0.0309104303610732,0,0.00157985254671948,0.0033696529059292,0.000972713915596641,0.00151025234806484,0.00857616484199664,0.0384847871019273,0.0156998660843855,0,0.00285491602264519,0.00771870359339212,0.00125491534654801,0,0.00202632684895233,0.00373490797053371,0,0.00997380337447014,0.000795715549196904,0.0110920664870141
2025,"Evasión de presos",0.000710559360795684,106,0,0,4,0,4,2,19,0,0,0,5,1,0,2,15,1,1,1,7,5,6,0,7,4,1,3,9,2,0,5,0,2,0,0,0.000968143480800142,0,0.000654889247586283,0.000494666261040333,0.00206889237382315,0,0,0,0.000764798584939066,0.000277205348732645,0,0.000224635153200051,0.000846349578599724,0.000198214876819365,0.00048635695779832,0.000755126174032419,0.00109151188898139,0.00115223913478824,0.000848641409966784,0,0.00333073535975273,0.00134238323363341,0.000313728836637003,0.000955182213743034,0.00364738832811419,0.000533558281504816,0,0.000615666874967293,0,0.00116758594600149
2025,"Extorsión",0.0677929666417001,10507,71,138,89,20,85,10,1753,76,142,23,1275,109,179,438,2150,287,419,47,940,74,244,268,207,176,104,65,197,115,12,730,2,62,0.0458325318019673,0.152646086729524,0.0215411924478031,0.0208644779133853,0.0139163965112085,0.00247333130520166,0.190882543753263,0.0223512516847991,0.18511155578441,0.0119348585044688,0.195023639159462,0.0302153830118583,0.0542447748493344,0.0491950985508112,0.12131010626596,0.0568876696471577,0.203783565317496,0.0354909301795237,0.146574453663215,0.017053139194866,0.0345114173386492,0.100963637644518,0.0984946027812592,0.0590648622798701,0.0326277990102483,0.0206956146310991,0.0798372778487217,0.0306796011865269,0.00828888991732523,0.0898873637452247,0.000795715549196904,0.036195164326046
2025,"Falsedad",0.0537201428516036,5155,90,374,252,3,17,242,651,33,81,8,348,67,242,157,154,26,93,23,235,260,327,199,479,0,62,51,56,125,1,297,9,193,0.0580975755236205,0.413693017658276,0.0609930392904089,0.00312967168700779,0.0027832793022417,0.0598546175858802,0.0708867860715196,0.0097051487578733,0.105591802947445,0.00415125513198916,0.053229981511759,0.0185727583650872,0.0733365112488208,0.017633859526204,0.00868918900695716,0.00515358679730348,0.0452311970752438,0.0173679020027456,0.0366436134158038,0.0599164350089886,0.0462509568431897,0.074969268250967,0.227917462474508,0,0.0194511878714942,0.0162380976336316,0.0226948607082661,0.033347392594051,0.000690740826443769,0.0365706123730572,0.00358071997138607,0.112672043789143
2025,"Falsificación",0.0980810014240515,14426,295,144,291,14,66,854,2529,175,298,56,1403,234,280,1594,1819,672,184,21,759,249,672,211,272,153,225,38,149,254,0,406,14,95,0.19043094199409,0.159282873109069,0.0704324382282103,0.0146051345393697,0.0108056725851737,0.211222493464222,0.275380463863092,0.051466697958419,0.388473546646157,0.0290587859239241,0.214602482933902,0.0648660516034389,0.0848521617754951,0.179034217100441,0.102633992231526,0.133200397222613,0.089489680234891,0.0158576496546808,0.118351074819554,0.0573815089124545,0.0950478379162798,0.0794900281454976,0.129422859693249,0.051346158686478,0.0705889882433256,0.0120989747074118,0.0603845400987794,0.0677619017511116,0,0.0499921502473442,0.00557000884437833,0.0554603324350705
2025,"Feminicidio",0.00618191137436228,711,4,6,33,11,31,45,44,9,3,6,18,20,14,38,55,24,35,10,15,13,25,14,15,7,69,24,25,29,7,45,10,7,0.00258211446771647,0.00663678637954454,0.00798718371660117,0.0114754628523619,0.00507539166879369,0.0111299908734075,0.0047911191814852,0.00264685875214726,0.00391080751657205,0.00311344134899187,0.00275327490578064,0.0055441069746529,0.00424260808877476,0.00426806791080097,0.00310328178819899,0.00475715704366476,0.0170224935229412,0.00755126174032419,0.00233895404781726,0.00299582175044943,0.0035360058748616,0.00527421987695245,0.00713729005661298,0.00234917065885847,0.0216472897279532,0.00764145770994427,0.0101316342447616,0.00773659508181983,0.00483518578510638,0.00554100187470563,0.00397857774598452,0.0040865508110052
2025,"Fraude",0.778940952385636,108737,2673,1866,2411,65,184,5521,21765,2538,1410,1235,5473,882,2461,10646,16383,2616,2333,443,3038,1311,5028,4623,290,2642,1062,1245,1426,1901,25,3361,202,1678,1.72549799305153,2.06404056403835,0.583548483052285,0.0678095532185022,0.030124905388969,1.36552621360184,2.36997065875058,0.746414168105529,1.83807953278886,0.640850011000826,0.837148531074302,0.244495117582193,0.74578989331962,1.19573292048387,0.924383009746618,0.518530117759458,1.13467078254348,0.334520895096362,0.473716159817923,0.302117101141477,0.711161501552165,1.74162274936794,0.137987607761184,0.886644125814869,0.333180024508497,0.396400618703359,0.577908417321204,0.507147146570327,0.0172685206610942,0.413851273353014,0.0803672704688873,0.979604608695246
2025,"Homicidio",0.311245636138856,36932,220,228,1972,179,1104,1806,1514,305,706,260,3301,1436,427,2024,2812,2326,1385,419,1239,1618,1617,477,1264,499,1936,1199,1044,888,121,1874,211,521,0.142016295724406,0.252197882422692,0.47729473603447,0.186737077324798,0.180749432333814,0.44668363371942,0.164858055472013,0.0896991021561017,0.920343368899955,0.134915791789648,0.504920025776772,0.398066880780078,0.12939954670763,0.227330775038452,0.158662334334828,0.461047803481843,0.673604386550674,0.316397866919584,0.193197604349706,0.372864584017475,0.228708859986048,0.179700205807594,0.601435642103921,0.167462308395768,0.607379027729237,0.381754491425966,0.423097046061246,0.236899876988138,0.0835796399996961,0.230751944737741,0.0839479904402734,0.304156138933387
2025,"Hostigamiento sexual",0.0287931093291896,3157,147,11,1415,7,15,87,0,34,39,16,78,17,255,80,149,56,117,0,63,40,89,35,30,22,18,11,227,42,0,43,1,13,0.0948927066885802,0.0121674416958317,0.34248075633305,0.00730256726968485,0.00245583467844856,0.0215179823552545,0,0.00999924417477855,0.0508404977154366,0.00830251026397831,0.0119308579250494,0.00471249092845496,0.0772760759026831,0.00898540612800205,0.00840707248075725,0.0111000331018844,0.0569037640624035,0,0.00982360700083251,0.00921791307830594,0.0125881809145073,0.0131855496923811,0.014274580113226,0.00738310778498377,0.00564711905946605,0.00350233478372446,0.0919952389424357,0.0112047239116011,0,0.00529473512471872,0.000397857774598452,0.00758930864900965
2025,"Incesto",0.000126876235636879,8,2,1,0,0,0,0,0,1,0,0,1,0,0,0,0,0,0,0,0,0,0,0,0,0,0,0,3,0,0,0,0,0,0.00129105723385823,0.00110613106325742,0,0,0,0,0,0.000294095416905252,0,0,0.000152959716987813,0,0,0,0,0,0,0,0,0,0,0,0,0,0,0,0.0012157961093714,0,0,0,0,0
2025,"Incumplimiento de obligaciones de asistencia familiar",0.289844518268435,28595,312,944,1481,129,186,2471,953,354,789,74,2891,487,1223,856,2716,399,387,863,825,259,490,656,640,589,225,2572,1213,1566,40,1018,168,819,0.201404928481885,1.04418772371501,0.358455123766252,0.134575882541335,0.0304523500127622,0.611160165515331,0.103771285908077,0.104109777584459,1.02854237685845,0.0383991099708997,0.442206541811768,0.134999004832798,0.370622120897966,0.096143845569622,0.15324569703179,0.0790877358509266,0.18822014266795,0.651673888189978,0.12864247262995,0.059685987182031,0.0693057151472874,0.247134874234343,0.304524375748821,0.19766593115252,0.0705889882433256,0.818909551249028,0.491586893555835,0.417776134418271,0.0276296330577508,0.125349775743341,0.0668401061325399,0.478126444887608
2025,"Lesiones",1.52289199586199,211798,4457,2443,6335,937,1018,7133,9915,6142,2153,2777,17201,3518,7249,13921,56059,8013,4110,1077,4709,3631,5874,5919,5081,4850,4682,2107,4760,3869,148,8702,323,2685,2.87712104565307,2.70227818753788,1.53329723771722,0.977500790242101,0.166669313510709,1.76422722000035,1.07963515191877,1.80633405063206,2.80665619439321,1.44100443769174,2.63106009190738,0.975208416841445,2.19676185968059,1.56357298384896,3.16303406844813,1.58829580795357,1.9989270965511,0.813270889432915,0.734275640744767,0.836756059683222,0.830819940357482,2.22986481797725,2.41763805184337,1.62763967078051,1.46887841313445,0.670856308118858,1.92906316020262,1.03216849557107,0.102229642313678,1.07150662919308,0.1285080611953,1.56748413250699
2025,"Narcomenudeo",0.914869805664011,104207,2778,1048,8622,433,1411,3801,6030,5358,2399,950,20881,886,858,2443,3603,2019,1058,569,8636,722,1559,2413,2717,12329,375,5233,992,532,117,2587,300,548,1.79327849782909,1.15922535429378,2.0868332728647,0.451715946824792,0.231012182086061,0.940113229107152,0.656601106008085,1.57576324377834,3.12734241075211,0.492961546923712,3.19395185042253,0.245603938977123,0.26001126715491,0.274391839633863,0.203293168779654,0.400195836298298,0.514565661350623,0.429666793024446,1.34661381046333,0.166383331063422,0.220505326356369,0.909049468791876,1.29280113892117,4.13756072186658,0.117648313738876,1.6661561748391,0.402023246832142,0.141926502880281,0.080816676693921,0.318546041108077,0.119357332379536,0.319918549204407
2025,"Otros delitos contra el patrimonio",0.134465581291305,14002,254,329,1109,321,122,1071,1909,1430,214,8,728,0,1315,0,609,187,637,11,185,190,243,226,241,518,60,472,631,41,10,845,9,77,0.163964268699996,0.363917119811692,0.268417780051839,0.334874870509834,0.0199741220513816,0.264893782787098,0.207869239033074,0.42055644617451,0.278970936182139,0.00415125513198916,0.111354673967128,0,0.398502116909915,0,0.0343617928911488,0.0370661819652212,0.30980938211753,0.00830638791435661,0.0288470999230796,0.0437850871219532,0.0343699771036548,0.085140978013661,0.114672460242915,0.173838628755527,0.0188237301982202,0.150282001628904,0.255722448337784,0.0109379447708487,0.00690740826443769,0.104047701869472,0.00358071997138607,0.0449520589210572
2025,"Otros delitos contra la familia",0.0985371657606463,12676,39,283,1064,2,2,66,25,131,0,512,27,199,1,303,3,51,83,43,5674,234,750,265,874,12,289,135,39,669,2,782,18,99,0.0251756160602356,0.313035090901851,0.257526165892838,0.00208644779133853,0.000327444623793141,0.016323986614331,0.00272222680766204,0.038526499614588,0,0.265680328447306,0.00412991235867096,0.0551638643977963,0.000303043434912483,0.0340322257098078,0.000169269915719945,0.0101089587177876,0.0403676274972606,0.032470425483394,0.884748351154344,0.0539247915080898,0.106080176245848,0.0998334476708857,0.415866100631983,0.00402714970090024,0.0906676337880937,0.0429831996184365,0.0158053494218282,0.178475245163361,0.00138148165288754,0.0962902992448846,0.00716143994277214,0.0577955043270735
2025,"Otros delitos contra la sociedad",0.041413029677998,7190,0,0,60,5,67,134,1658,302,152,4,0,0,29,2,2520,2,89,20,2,640,446,593,6,0,293,164,1,0,0,1,0,0,0,0,0.0145221522120021,0.00521611947834632,0.0109693948970702,0.0331426394897023,0.180538081884147,0.088816815905386,0.19814758083965,0.00207562756599458,0,0,0.00878825961246199,0.000224635153200051,0.142186729204754,0.00039642975363873,0.0432857692440505,0.0151025234806484,0.000311860539708969,0.147486609252895,0.063082344807531,0.223400884788057,0.00285491602264519,0,0.0919225491346417,0.0522166276846192,0.000405265369790466,0,0,0.000123133374993459,0,0
2025,"Otros delitos del Fuero Común",1.32106539326637,218764,4423,1306,7791,332,1076,2409,8186,4116,1953,543,24332,1242,7923,13786,87629,3644,2808,1362,5341,1563,2516,5322,2950,3494,1182,2371,10136,3005,254,3482,754,1533,2.85517307267748,1.44460716861419,1.88570146472848,0.346350333362196,0.17616520760071,0.595825511423081,0.89136594590086,1.21049673598202,2.5459356932884,0.281766442083764,3.72181583374747,0.344289043125945,2.4010131348116,1.54841011100795,4.94431781487435,0.722295011129765,1.36569033749768,1.02848184903215,0.832823571292801,0.360189953534805,0.355863631246072,2.00495701322435,1.40366704446722,1.17257175457879,0.370827484904937,0.754912342928245,4.10776978819616,0.801671317960986,0.175448169916717,0.428750411727223,0.299984762047233,0.894954627610138
2025,"Otros delitos que atentan contra la libertad personal",0.182503774876043,23960,298,173,845,105,113,913,1272,324,255,69,0,297,1721,673,5420,1104,493,125,1936,202,245,168,1366,476,1764,693,360,391,0,1699,2,458,0.192367527844877,0.191360673943534,0.20452031031903,0.109538509045273,0.0185006212443125,0.225815148164912,0.138506899973845,0.0952869150773015,0.332418638908624,0.0358045755134065,0,0.0823299885735955,0.521537751484383,0.0755897290518173,0.3058143144007,0.218829224008579,0.239773980194572,0.0943907717540524,0.301881002438282,0.046550461045445,0.0346528575736437,0.0632906385234294,0.649969214488889,0.159743604802376,0.553417667827673,0.220647091374641,0.145895533124568,0.104310644034191,0,0.209203604113886,0.000795715549196904,0.26737718163434
2025,"Otros delitos que atentan contra la libertad y la seguridad sexual",0.103827880540995,13134,542,210,777,42,461,465,1488,246,54,237,37,1,388,1311,59,346,69,60,844,25,1932,54,663,315,177,86,549,184,2,1347,2,161,0.349876510375581,0.232287523284059,0.188061871145427,0.0438154036181091,0.0754759857843191,0.115009905691877,0.162026939592045,0.0723474725586919,0.0703945352982968,0.122980933285179,0.00565950952854909,0.000277205348732645,0.117580852746043,0.147248342922634,0.00332897500915891,0.0685823473795002,0.0335586300880841,0.0453075704419451,0.131605147757185,0.00576119567394121,0.273262534009305,0.020343419525388,0.315468220502294,0.105712679648631,0.0555300040847495,0.0273818901273003,0.222490688014966,0.0490873618984431,0.00138148165288754,0.165860656116189,0.000795715549196904,0.0939906686531196
2025,"Otros delitos que atentan contra la vida y la integridad corporal",0.119664728639403,14227,120,284,2317,82,129,882,1127,71,0,13,1146,27,540,125,1570,300,529,26,367,104,252,604,299,218,679,623,897,377,2,256,23,238,0.0774634340314941,0.314141221965108,0.560797111253482,0.0855443594448797,0.0211201782346576,0.218147821118787,0.122717984489405,0.0208807746002729,0,0.00674578958948238,0.175291835668034,0.00748454441578141,0.163643454852741,0.0140396970750032,0.0885845892267711,0.0594644630458094,0.257282830675311,0.0196332805248429,0.0572264090365957,0.0239665740035954,0.0356429392186049,0.227544914691377,0.142269981795152,0.0731598862330209,0.213021880076525,0.198359506387303,0.363523036702048,0.100575736063658,0.00138148165288754,0.0315221439983254,0.0091507288157644,0.138942727574177
2025,"Rapto",0.000276270843622593,50,0,0,0,0,0,0,1,0,0,0,0,0,3,0,0,0,0,0,42,0,0,0,0,0,0,4,0,0,0,0,0,0,0,0,0,0,0,0,0.000108889072306482,0,0,0,0,0,0.000909130304737448,0,0,0,0,0,0.00654907133388834,0,0,0,0,0,0,0.00127357628499071,0,0,0,0,0,0
2025,"Robo",3.29413793280184,474378,9303,5198,21272,712,1678,11624,63452,5910,4090,2252,32128,5327,11860,32242,97032,10868,13515,1220,7845,5286,32758,18756,11564,11460,11623,5075,9109,8133,1569,16030,724,4763,6.00535272329158,5.74966926681209,5.14858703089515,0.742775413716516,0.274726039362446,2.87500030916641,6.90922941599088,1.73810391391004,5.33173424759322,1.16857831965495,4.91428978738446,1.4766728926988,3.59409513806204,3.62134330473803,5.47486615404589,2.15419928127286,6.5731142846443,0.921253932319551,1.22327296700843,1.21814721329813,4.63329921794865,7.06594771515144,5.5023748143115,3.84592796435973,3.64647026823188,1.61584991158197,3.69156225342135,2.16971475173933,1.08377235669027,1.97382800114514,0.288049028809279,2.78060593040254
2025,"Secuestro",0.00375943918119222,464,0,2,4,1,12,73,26,0,3,0,12,5,6,16,33,42,20,7,16,22,21,0,0,5,11,37,37,8,11,32,0,2,0,0.00221226212651485,0.000968143480800142,0.00104322389566926,0.00196466774275885,0.0180553185279721,0.00283111587996853,0,0.00391080751657205,0,0.00183551660385376,0.00138602674366322,0.0018182606094749,0.00179708122560041,0.00186196907291939,0.00832502482641332,0.00972713915596641,0.00528588321822693,0.00249488431767175,0.00506985219306827,0.00297024493488374,0,0,0.00167797904204176,0.00345101720300703,0.0117805806361641,0.0149948186822472,0.00213423312601926,0.00759814909088146,0.00394026799979067,0,0.00116758594600149
2025,"Tráfico de menores",8.5643880226066e-05,8,1,0,0,0,1,0,2,0,0,0,0,0,0,0,0,0,2,0,0,0,0,0,0,1,0,0,1,0,0,0,0,0,0.000645528616929117,0,0,0,0.000163722311896571,0,0.000217778144612964,0,0,0,0,0,0,0,0,0,0.000972713915596641,0,0,0,0,0,0,0.000335595808408353,0,0,0.000405265369790466,0,0,0,0,0
2025,"Trata de personas",0.00541327896864452,635,1,3,18,1,9,53,72,4,1,0,21,23,8,9,118,12,4,1,11,15,20,0,165,13,2,4,4,8,0,6,0,29,0.000645528616929117,0.00331839318977227,0.00435664566360064,0.00104322389566926,0.00147350080706914,0.0131086559175688,0.00784001320606669,0.00117638166762101,0.00130360250552402,0,0.00321215405674408,0.00637572302085083,0.00242434747929986,0.00101085818940023,0.00665795001831783,0.00237857852183238,0.00194542783119328,0.000755126174032419,0.00171523296839933,0.00345671740436473,0.00282880469988928,0,0.0785101906227428,0.00436274550930859,0.000627457673274005,0.00127357628499071,0.00162106147916186,0.00213423312601926,0,0.000738800249960751,0,0.0169299962170215
2025,"Violación",0.166284899043593,20280,370,239,804,265,284,1440,2101,492,169,243,1101,383,899,529,2844,556,469,304,1385,665,765,589,717,611,369,175,232,513,18,433,46,270,0.238845588263773,0.264365324118524,0.194596839640828,0.276454332352355,0.0464971365786261,0.35615970794904,0.228775940915918,0.144694945117384,0.220308823433559,0.126094374634171,0.168408648403582,0.106169648564603,0.272436047986322,0.0594159980214136,0.160467880102508,0.110207471511567,0.228101413207412,0.229558356905855,0.215963423748461,0.153247804926836,0.108201779770765,0.221893964823214,0.341162464706101,0.205049038937504,0.115765940719054,0.0557189624683437,0.094021565791388,0.136857699205985,0.0124333348759878,0.0533167513721675,0.0183014576315288,0.1576241027102
2025,"Violencia de género en todas sus modalidades distinta a la violencia familiar",0.0327758365433167,6528,19,19,0,0,0,0,0,0,0,0,0,357,6,0,2580,0,0,0,0,10,0,1296,0,0,0,1,0,0,2,2233,5,0,0.0122650437216532,0.021016490201891,0,0,0,0,0,0,0,0,0,0.0989623094975542,0.0018182606094749,0,0.145572127519152,0,0,0,0,0.00230447826957649,0,0.488242068609313,0,0,0,0.000318394071247678,0,0,0.00138148165288754,0.274956826360393,0.00198928887299226,0
2025,"Violencia familiar",2.15307895443104,266760,2719,3292,15463,513,802,14050,33712,14664,4249,4914,16626,2704,7645,12315,25911,1720,5807,2058,19471,3777,10551,4832,7404,9964,6793,5448,6960,7998,49,10619,288,3442,1.75519230943027,3.64138346024344,3.74260066090315,0.535173858478333,0.13130529414105,3.47503048380834,3.67086840559611,4.31261519349861,5.53900704597154,2.54990846482434,2.54310825463938,0.749563262973072,2.31676705990593,1.38319095582932,1.46198426207316,0.340929588129307,2.82427485393485,1.55404966615872,3.03611828433666,0.870401442419038,1.49233591942659,1.82035931753102,3.52296637194417,3.34387663498083,2.13115998727516,1.73461090015735,2.82064697374164,2.13369956773776,0.0338463004957447,1.30755330905554,0.114583039084354,2.00941541306856
2026,"Aborto",0.0028753984385653,535,6,7,39,0,4,1,130,1,1,0,19,0,6,5,129,16,8,0,96,6,3,0,8,6,0,5,2,27,0,5,1,4,0.0038276071267493,0.00759438189325771,0.0093094645028925,0,0.000646676913262357,0.000244659930037046,0.0141921924164347,0.000290665143581314,0.00129611244034642,0,0.00288282864360333,0,0.00179960768552456,0.000556667219993883,0.00723807429069677,0.00314379955291241,0.00386945990078705,0,0.0147325082924071,0.00137331291369621,0.000419630951363514,0,0.00373642859077793,0.00199823422702139,0,0.00157797201561309,0.000808842917852296,0.00714763736170645,0,0.000616385017751272,0.000393308098685722,0.00231629198713531
2026,"Abuso de confianza",0.129615765835076,17635,438,191,312,7,12,981,2462,626,241,164,1348,237,359,465,3649,524,420,62,402,146,879,535,747,345,211,53,446,408,0,607,162,196,0.279415320252699,0.207218134516032,0.07447571602314,0.00727640138293206,0.00194003073978707,0.240011391366343,0.268778290225095,0.181956379881903,0.312363098123488,0.0845586605083213,0.204529105872489,0.0657183991552551,0.107676526517219,0.0517700514594312,0.20474211695157,0.102959435357881,0.20314664479132,0.0463205426376859,0.0616923784744549,0.0334172808999411,0.12295186874951,0.198076400474199,0.34888901966389,0.11489846805373,0.0657722677311591,0.0167265033654987,0.180371970681062,0.108008742354675,0,0.0748291411550044,0.0637159119870869,0.11349830736963
2026,"Abuso sexual",0.145446573023392,19476,262,270,945,96,70,1025,2054,535,255,282,1128,245,487,2227,2891,413,353,121,941,347,595,480,777,405,294,324,181,463,11,731,62,206,0.167138844534719,0.29292615873994,0.225575486031626,0.0997906475373539,0.0113168459820913,0.250776428287973,0.224236640179669,0.155505851816003,0.330508672288338,0.145399647947235,0.171148984736029,0.0679367417427743,0.146068157141743,0.247939579785276,0.162211416855848,0.0811493259595515,0.170739918122228,0.090399768696129,0.144409273991199,0.0794232635087641,0.0832268053537636,0.177713406032926,0.362900626879307,0.134880810323944,0.0916447711514729,0.102252586611728,0.0732002840656328,0.122568744387781,0.00751101900629219,0.090115489595236,0.0243851021185147,0.119289037337469
2026,"Acoso sexual",0.043194383141932,6333,0,111,173,7,29,245,678,362,51,48,281,85,0,185,1424,171,4,0,516,110,267,527,178,210,125,46,42,79,1,266,18,94,0,0.120425198593087,0.041295829717959,0.00727640138293206,0.00468840762115209,0.0599416828590764,0.0740177419872519,0.105220781976436,0.0661017344576677,0.0247488762463379,0.0426355183606598,0.0235698899923911,0,0.0205966871397737,0.0798993627128078,0.0335993577217513,0.00193472995039352,0,0.0791872320716884,0.0251774034177638,0.0373471546713527,0.19511451037365,0.083135536144809,0.0699381979457486,0.0389646135848099,0.0145173425436404,0.0169857012748982,0.0209134574657337,0.000682819909662926,0.0327916829443677,0.00707954577634299,0.0544328616976799
2026,"Allanamiento de morada",0.072737729938231,8512,261,112,1851,44,26,220,545,536,99,46,358,161,245,167,996,198,212,38,197,137,138,164,193,448,51,250,162,146,24,354,38,95,0.166500910013594,0.121510110292123,0.441841507560359,0.0457373801212872,0.00420339993620532,0.0538251846081502,0.0594980374381302,0.155796516959584,0.128315131594296,0.0237176730694072,0.0543185607584206,0.0446441445738231,0.0734839804922527,0.0185926851477957,0.0558846666165425,0.038904519467291,0.102540687370857,0.028390010003743,0.0302323347250438,0.0313573115293968,0.0193030237627216,0.0607187470612497,0.0901413397525176,0.14920148895093,0.0158975623426024,0.0788986007806543,0.0655162763460359,0.0386501872151534,0.0163876778319102,0.0436400592567901,0.0149457077500574,0.0550119346944637
2026,"Amenazas",0.75049990223824,87019,1541,1326,2489,120,35,1982,14532,8929,1733,652,9068,1745,3152,5884,0,3668,3180,332,1727,2024,3066,2482,2718,1850,1768,826,2969,1280,4,4259,855,823,0.983057097053444,1.43859291292282,0.59413479865896,0.124738309421692,0.00565842299104563,0.484915981333426,1.58646877073561,2.59534906703756,2.24616285912035,0.336172235679424,1.37586790211553,0.483875976902617,0.9453939041289,0.655085984488802,0,0.720716047505169,1.53811031056285,0.248039034769544,0.265031685635283,0.463264222886855,0.428862832293511,0.918926403695254,1.2694516137168,0.616122219998262,0.551115494543551,0.260680976979282,1.20072731155173,0.338850956406824,0.0027312796386517,0.525036758120534,0.336278424376292,0.476577076353091
2026,"Contra el medio ambiente",0.011682099270269,1769,55,6,7,0,28,11,637,0,3,0,3,3,84,12,121,173,12,22,241,4,17,2,102,100,0,56,33,7,0,28,2,0,0.0350863986618686,0.00650947019422089,0.00167092952616019,0,0.0045267383928365,0.00269125923040751,0.0695417428405302,0,0.00388833732103927,0,0.000455183470042631,0.000831878470319685,0.0251945075973438,0.00133600132798532,0.00678920146646752,0.0339923326658654,0.00580418985118057,0.0164363215811144,0.0369847343590638,0.00091554194246414,0.00237790872439325,0.000740472525137191,0.0476394645324187,0.0333039037836898,0,0.0176732865748666,0.0133459081445629,0.00185309116784982,0,0.00345175609940712,0.000786616197371443,0
2026,"Corrupción de menores",0.0167655504087529,2072,41,54,155,14,5,78,251,35,23,0,516,11,71,99,106,21,43,8,114,22,51,0,163,17,42,34,19,23,0,41,2,13,0.0261553153661202,0.058585231747988,0.0369991537935471,0.0145528027658641,0.000808346141577947,0.0190834745428896,0.0274018484348086,0.010173280025346,0.0298105861279678,0,0.0782915568473325,0.00305022105783885,0.0212953576120406,0.0110220109558789,0.00594756492103766,0.00412623691319753,0.0207983469667304,0.00597684421131432,0.0174948535972335,0.00503548068355277,0.00713372617317974,0,0.0761297325371004,0.00566166364322727,0.0130921101644961,0.010730209706169,0.00768400771959681,0.00608872812293513,0,0.00505435714556043,0.000786616197371443,0.00752794895818977
2026,"Daño a la propiedad",0.733271201318239,82539,2797,1138,3643,269,412,4952,6485,5531,1978,884,8991,1321,2277,1618,9392,2892,1972,495,1447,875,2587,990,3567,2967,1858,1120,1273,2597,17,3762,822,1610,1.7843028555863,1.2346295135039,0.869599466257369,0.27962171028696,0.0666077220660228,1.21155597354345,0.707972060158302,1.60766890914825,2.56371040700523,0.45579180420339,1.36418485971777,0.366303819764101,0.682951116656569,0.180137512390021,0.526976695645148,0.568241769188917,0.953821865544007,0.369817235575073,0.222061869782428,0.200274799914031,0.361861757059137,0.36653389994291,1.66598009791311,0.988126825262077,0.579170016324615,0.353465731497331,0.514828517212986,0.687496823272284,0.0116079384642697,0.463768087356057,0.323299257119663,0.932307524821964
2026,"Delitos cometidos por servidores públicos",0.0773535379976834,11728,234,119,411,0,32,361,2623,180,166,0,118,126,532,229,2180,324,106,33,1100,128,448,178,325,331,142,27,157,225,0,706,44,143,0.149276677943223,0.129104492185381,0.0981074336074056,0,0.00517341530609886,0.0883222347433738,0.286354774679295,0.0523197258446366,0.215154665097507,0,0.0179038831550102,0.0349388957534268,0.159565214783177,0.0254953586757199,0.122317844602473,0.0636619409464762,0.0512703436854284,0.0246544823716716,0.168809990850498,0.0292973421588525,0.0626648887369514,0.06590205473721,0.151792411500354,0.110235921524013,0.0442638010323441,0.00852104888431067,0.0634941690514052,0.0595636446808871,0,0.0870335645064796,0.0173055563421718,0.0828074385400875
2026,"Delitos contra la administración de justicia",0.0231901557370247,2376,0,52,54,3,207,131,522,0,0,0,0,0,202,0,0,0,131,2,56,0,108,0,541,0,9,3,45,35,0,99,0,176,0,0.0564154083499144,0.0128900277732358,0.00311845773554231,0.033465530261327,0.0320504508348531,0.0569871110875302,0,0,0,0,0,0.0605867920793267,0,0,0,0.0633624058753879,0.00149421105282858,0.00859396317057083,0,0.0151067142490865,0,0.252675983451358,0,0.00280545217810631,0.000946783209367852,0.0181989656516767,0.00926545583924911,0,0.0122044233514752,0,0.101916847433954
2026,"Despojo",0.128251619722392,17186,219,270,691,6,55,436,2323,356,256,134,1029,277,672,798,2841,567,687,53,630,414,931,542,468,289,309,133,349,284,4,859,85,219,0.139707660126349,0.29292615873994,0.164944614653813,0.00623691547108462,0.00889180755735741,0.106671729496152,0.253603561410599,0.103476791114948,0.331804784728685,0.0690906128543601,0.156127930224622,0.0768101120928509,0.20155606077875,0.0888440883110238,0.159405961704415,0.111408396656333,0.332289868980088,0.0395965928999573,0.0966820856689219,0.0947585910450385,0.130225471906477,0.200668054312179,0.218581072560509,0.0962482819348636,0.0963205247816501,0.0419740556153081,0.141143089165226,0.0751825559527642,0.0027312796386517,0.105894946049669,0.0334311883882863,0.126816986295658
2026,"Discriminación",0.0151955374791251,2074,0,71,21,0,12,88,830,115,27,18,0,10,107,0,263,31,66,0,31,28,34,51,0,58,34,2,65,35,0,45,1,31,0,0.0770287306316139,0.00501278857848058,0,0.00194003073978707,0.0215300738432601,0.090611690043391,0.0334264915118511,0.0349950358893535,0.00928082859237673,0,0.00277292823439895,0.0320930037251879,0,0.0147566940965368,0.00609111163376779,0.0319230441814931,0,0.00475737246942314,0.00640879359724898,0.00475581744878649,0.0188820493909984,0,0.0193162641945401,0.0105983748950683,0.000631188806245235,0.0262873948301996,0.00926545583924911,0,0.00554746515976145,0.000393308098685722,0.0179512629002987
2026,"Electorales",0.00281805682864497,421,4,0,16,0,4,11,170,34,6,0,0,13,29,0,3,0,1,0,9,74,11,0,4,2,0,0,7,10,0,9,0,4,0.00255173808449953,0,0.00381926748836615,0,0.000646676913262357,0.00269125923040751,0.0185590208522608,0.00988261488176469,0.00777667464207855,0,0,0.00360480670471864,0.00869810381336869,0,0.000168327309085971,0,0.000483682487598381,0,0.00138117265241317,0.0169375259355866,0.00153864682166622,0,0.00186821429538897,0.000666078075673796,0,0,0.00283095021248303,0.00264727309692832,0,0.00110949303195229,0,0.00231629198713531
2026,"Evasión de presos",0.00115857499831035,117,0,0,3,0,0,2,3,0,0,0,1,1,3,1,9,3,2,0,2,3,3,0,2,1,1,3,67,1,0,6,0,0,0,0,0.000716112654068654,0,0,0.000489319860074093,0.000327512132686955,0,0,0,0.000151727823347544,0.000277292823439895,0.000899803842762278,0.000111333443998777,0.000504981927257914,0.000589462416171076,0.000967364975196762,0,0.000306927256091815,0.000686656456848105,0.000419630951363514,0,0.000934107147694483,0.000333039037836898,0.000311716908678479,0.000946783209367852,0.0270962377480519,0.000264727309692832,0,0.000739662021301527,0,0
2026,"Extorsión",0.056322334522342,7347,9,127,96,20,27,123,1322,52,95,19,808,172,53,152,973,338,469,22,718,32,101,417,97,164,106,14,272,54,2,247,6,240,0.00574141069012394,0.137783785777676,0.0229156049301969,0.0207897182369487,0.00436506916452091,0.0300931713945567,0.144323679804052,0.0151145874662283,0.12313068183291,0.0097964301808421,0.122596081264815,0.047694365631662,0.0158965345554669,0.0169226834878141,0.0545941572468834,0.0664127655552746,0.226847086683641,0.0164363215811144,0.110186884936962,0.00732433553971312,0.0141275753625716,0.154388521491104,0.0453041966631824,0.0546184022052513,0.0330419923199188,0.00441832164371664,0.110002636827912,0.0142952747234129,0.00136563981932585,0.0304494198769128,0.00235984859211433,0.138977519228119
2026,"Falsedad",0.0275212954441275,3063,61,72,220,4,4,156,363,1,56,10,216,52,166,82,74,23,49,3,155,110,290,153,347,0,35,25,36,72,0,177,12,39,0.0389140057886178,0.0781136423306507,0.0525149279650346,0.00415794364738975,0.000646676913262357,0.0381669490857792,0.0396289680551216,0.000290665143581314,0.0725822966593998,0.00515601588465374,0.0327732098430694,0.0144192268188745,0.0497891459661794,0.00912934240789969,0.00415207362412063,0.00451921185731158,0.0237004418923207,0.00224131657924287,0.0237868623471157,0.0251774034177638,0.040564325298473,0.0566461481729951,0.162067590124993,0,0.0109100918037468,0.00788986007806543,0.0145591725213413,0.0190603662978839,0,0.021820029628395,0.00471969718422866,0.0225838468745693
2026,"Falsificación",0.0562094778224718,8193,361,64,94,8,20,396,1396,102,125,57,809,133,160,946,1111,317,131,7,452,184,256,112,186,111,147,17,79,114,1,235,16,46,0.230294362126083,0.0694343487383562,0.0224381964941512,0.00831588729477949,0.00323338456631179,0.0968853322946704,0.15240231241033,0.0296478446452941,0.162014055043303,0.0293892905425263,0.122747809088163,0.036879945517506,0.0479895382806548,0.105321438022843,0.0623372134648381,0.062286528642077,0.0633624058753879,0.00522973868490003,0.0693655598767503,0.0421149293533504,0.0358085078496865,0.0414664614076827,0.086871964735587,0.0369673331998957,0.0458223855757365,0.00536510485308449,0.0319492952551657,0.0301789133049828,0.000682819909662926,0.0289700958343098,0.00629292957897155,0.0266373578520561
2026,"Feminicidio",0.00740260044094737,912,6,4,19,9,47,39,84,18,8,6,37,11,3,25,27,13,39,3,218,18,13,8,28,9,49,42,47,31,2,21,11,17,0.0038276071267493,0.00433964679614726,0.00453538014243481,0.00935537320662693,0.0075984537308327,0.00954173727144481,0.00917033971523475,0.00523197258446366,0.0103688995227714,0.00309360953079224,0.00561392946385912,0.00305022105783885,0.000899803842762278,0.00278333609996942,0.00151494578177374,0.00255433713674133,0.0188636170163369,0.00224131657924287,0.0334550709140079,0.00411993874108863,0.00181840078924189,0.00296189010054876,0.0130775000677228,0.00299735134053208,0.0152741285252455,0.0132549649311499,0.0190078085695289,0.00820654660047778,0.00136563981932585,0.00258881707455534,0.00432638908554294,0.00984424094532509
2026,"Fraude",0.514406612893037,70827,1590,1102,1565,14,78,2805,13034,1558,859,790,3609,638,1648,6459,10777,1893,1558,234,2331,685,3648,2775,2787,1755,652,214,941,1197,16,2290,228,1097,1.01431588858856,1.19557269233857,0.373572101205814,0.0145528027658641,0.012610199808616,0.686271103753915,1.42293104581393,0.452856293699688,1.11336058625758,0.407325254887645,0.547585714461285,0.176912821354653,0.494292244290745,0.719102714788099,0.604687803339838,0.371950784603949,0.753577315678278,0.174822693180944,0.357723716975011,0.156786557646984,0.510271236858033,1.02740562862785,1.30167831031226,0.584483511403756,0.203239424458368,0.0675372022682401,0.380560592849505,0.316878589702319,0.0109251185546068,0.282304338130083,0.0896742465003445,0.63524307747186
2026,"Homicidio",0.169944929489077,19838,98,94,1195,116,595,977,970,177,489,144,1663,724,235,1053,1473,1343,930,83,395,592,819,333,717,254,912,661,646,498,81,1129,117,325,0.0625175830702385,0.101981699709461,0.285251540537347,0.120580365774303,0.0961931908477757,0.239032751646194,0.105895589568782,0.0514477304138926,0.633798983329402,0.0742466287390138,0.252323370226965,0.200760004170484,0.0704846343497118,0.117234116530712,0.082648708761212,0.263882674972585,0.449824713466494,0.062009758692386,0.0606181330781336,0.135500207484693,0.114559249722239,0.123288675435342,0.334877412448472,0.0845919156105721,0.284285820714773,0.20860790046405,0.261256262466291,0.13183420022703,0.055308412682697,0.139179737008237,0.0460170475462294,0.188198723954744
2026,"Hostigamiento sexual",0.0127738793800262,1277,82,11,273,0,4,50,0,21,14,9,38,20,140,51,54,25,67,29,30,24,62,28,37,23,8,1,98,27,0,34,6,11,0.0523106307322404,0.011934028689405,0.0651662515202475,0,0.000646676913262357,0.0122329965018523,0,0.0061039680152076,0.01814557416485,0.00464041429618836,0.00576565728720666,0.0055458564687979,0.041990845995573,0.00567800564393761,0.00302989156354749,0.00491218680142563,0.0324067266690915,0.0216660602660144,0.00460390884137723,0.00549325165478484,0.00867237299484595,0.0103666153519207,0.0172809822323479,0.00765989787024866,0.00249373526942783,0.000315594403122617,0.0396333029747625,0.00714763736170645,0,0.00419141812070865,0.00235984859211433,0.00636980296462211
2026,"Incesto",3.61093308406299e-05,4,0,0,0,0,0,1,0,0,0,0,0,0,0,0,0,0,0,0,0,1,0,1,0,0,1,0,0,0,0,0,0,0,0,0,0,0,0,0.000244659930037046,0,0,0,0,0,0,0,0,0,0,0,0,0,0.000228885485616035,0,0.000370236262568596,0,0,0.000311716908678479,0,0,0,0,0,0,0
2026,"Incumplimiento de obligaciones de asistencia familiar",0.168658966263943,16985,190,584,792,61,64,1395,542,245,453,86,1833,322,942,545,1703,243,265,453,501,129,246,386,382,382,167,1042,730,993,19,673,139,478,0.121207559013728,0.6335884322375,0.189053740674125,0.0634086406226936,0.0103468306121977,0.34130060240168,0.0591705253054433,0.071212960177422,0.587138935476931,0.0443417366080221,0.278117100196048,0.0892882891476462,0.282538406627355,0.0606767269793333,0.0955538024578031,0.0477464557098572,0.128175859213571,0.338438803465673,0.0768852776509998,0.0295262276444685,0.0344097380118081,0.142911197351478,0.178414465209646,0.127220912453695,0.052056723749306,0.328849368053767,0.295227665016088,0.262874218524982,0.0129735782835956,0.0829654233893212,0.0546698257173153,0.27679689246267
2026,"Lesiones",0.91918905001203,127360,2645,1565,3872,408,445,4410,6225,4309,1309,1762,10527,2031,4766,8901,31464,5089,2685,601,2666,2041,3343,3356,2992,2929,3050,1358,2943,2395,93,5303,369,1508,1.68733680837531,1.69788680899262,0.924262732184609,0.424110252033754,0.0719428066004373,1.07895029146337,0.679587675325432,1.25247610369188,1.69661118441347,0.908489998875989,1.59723879637959,0.563181724406427,1.42948837153501,0.990978985033111,1.76541681769367,0.999924745298202,1.29868747920165,0.449010421374988,0.40913403237039,0.467155276142327,0.467608756802742,1.24251289718021,1.39742429295095,0.975471341824275,0.950736571469362,0.428577199440514,1.19021235361965,0.634021906714332,0.0635022515986521,0.653737949826999,0.145130688415031,0.873242079150014
2026,"Narcomenudeo",0.555733314755622,61625,2099,776,4653,399,870,3102,3359,2295,1410,428,6629,644,811,1873,2440,1154,819,375,6136,599,1115,1545,1898,6837,393,3862,611,292,106,3580,153,362,1.33902455984113,0.841891478452569,1.11069072646048,0.414754878827127,0.140652228634563,0.758935102974918,0.366704417898494,0.667076504519116,1.82751854088846,0.22067747986318,1.00580374097087,0.178576578295292,0.243246972160069,0.208527540609709,0.136906211389923,0.226746542753807,0.396135957343074,0.280164572405359,0.94165282168969,0.137102405884005,0.155962836923439,0.57201502566848,0.886467683162065,2.27698790169087,0.122504745110642,1.21882558485955,0.247101511403876,0.0773003744303068,0.0723789104242702,0.441331672709911,0.0601761390989154,0.209624424835746
2026,"Otros delitos contra el patrimonio",0.0761071567338395,9599,66,222,392,108,122,655,498,724,132,10,1710,9,302,141,1755,93,285,11,87,65,176,202,278,284,63,292,286,37,4,523,4,63,0.0421036783942423,0.240850397186173,0.0935720534649708,0.112264478479523,0.0197236458545019,0.160252254174265,0.0543670140260346,0.210441563952872,0.171086842125728,0.00515601588465374,0.2594545779243,0.00249563541095906,0.090580253504736,0.0156980156038275,0.0984714758152933,0.0182733349013034,0.137849508965539,0.00821816079055718,0.013351335639994,0.0148775565650423,0.0246183491466595,0.0747877250388563,0.129840893529533,0.0945830867456791,0.0196381652467442,0.0921535657118042,0.115664537252878,0.00979491045863477,0.0027312796386517,0.0644738728567831,0.00157323239474289,0.0364815987973812
2026,"Otros delitos contra la familia",0.0230367364246782,2389,33,6,60,0,4,35,6,65,0,240,23,80,6,27,2,44,7,17,5,77,7,3,335,64,216,59,278,28,0,656,5,1,0.0210518391971211,0.00650947019422089,0.0143222530813731,0,0.000646676913262357,0.00856309755129663,0.000655024265373911,0.0188932343327854,0,0.12374438123169,0.0034897399369935,0.0221834258751916,0.00179960768552456,0.00300600298796697,0.000112218206057314,0.00864544877050912,0.00338577741318867,0.0127007939490429,0.000767318140229539,0.0176241823924347,0.000979138886514866,0.00111070878770579,0.156462947238826,0.0213144984215615,0.0673308522745515,0.0186200697842344,0.112429165581469,0.00741236467139929,0,0.0808697143289669,0.00196654049342861,0.000579072996783829
2026,"Otros delitos contra la sociedad",0.0345055966478585,4213,0,0,676,0,5,60,148,41,101,12,0,0,9,3,1040,2,547,0,0,513,252,448,5,0,176,100,63,11,0,1,0,0,0,0,0.16136405138347,0,0.000808346141577947,0.0146795958022228,0.0161572652125565,0.0119172708868339,0.130907356474989,0.00618721906158448,0,0,0.00269941152828683,0.00033400033199633,0.0583534671498034,0.000392974944114051,0.264574320716314,0,0,0.117418254121026,0.0352489999145352,0.165865845630731,0.00233526786923621,0,0.0548621759274124,0.0315594403122617,0.0254785519123473,0.00291200040662115,0,0.000123277003550254,0,0
2026,"Otros delitos del Fuero Común",0.626190904621693,105009,2937,350,3516,130,520,2006,1214,3148,1193,293,12722,332,880,5471,44667,2178,1178,381,2653,225,1519,3782,1717,1738,209,1217,4676,1926,70,1648,235,278,1.87361368854378,0.379719094662885,0.839284030568462,0.135133168540167,0.0840679987241064,0.490787819654315,0.132533243027321,0.915013871993977,1.54626214133328,0.151071265420355,1.93028136862745,0.0920612173820452,0.263942460543601,0.609105272117307,2.50622530498103,0.427949714140201,0.569777970390893,0.284647205563844,0.407139005205793,0.0514992342636079,0.212473138373726,1.40023354503443,0.801930986295714,0.578821847760529,0.0651488339138022,0.384078388600225,1.89107474193867,0.509864798468394,0.0477973936764048,0.203160501850819,0.0924274031911446,0.160982293105904
2026,"Otros delitos que atentan contra la libertad personal",0.0643794017439049,7628,1,115,79,51,50,25,1834,3,211,115,20,299,329,94,1628,845,7,335,6,212,6,6,656,15,235,30,1,5,26,106,185,98,0.000637934521124883,0.124764845389234,0.0188576332238079,0.0530137815042193,0.00808346141577947,0.00611649825092616,0.200219083782625,0.000871995430743943,0.273479724913096,0.059294182673518,0.00303455646695087,0.0829105542085286,0.0986784880895965,0.010465343735885,0.0913456197306539,0.166031913888186,0.00338577741318867,0.250280351348787,0.000920781768275446,0.0485237229505994,0.000839261902727028,0.00222141757541157,0.306387144443791,0.00499558556755347,0.0732534735394426,0.00946783209367852,0.000404421458926148,0.00132363654846416,0.0177533176512361,0.013067362376327,0.0727619982568585,0.0567491536848152
2026,"Otros delitos que atentan contra la libertad y la seguridad sexual",0.036731150470831,4773,104,41,154,10,225,36,43,213,41,64,19,2,43,352,49,69,49,21,177,98,1024,44,345,150,34,29,343,38,3,953,0,0,0.0663451901969878,0.0444813796605094,0.0367604495755242,0.0103948591184744,0.0363755763710076,0.00880775748133367,0.00469434056851303,0.0619116755828199,0.0531406100542034,0.0329985016617839,0.00288282864360333,0.00055458564687979,0.012897188412926,0.0391893722875694,0.0027493460484042,0.0135576355719348,0.0237004418923207,0.0156892160547001,0.0271630621641257,0.0224307775903714,0.143234031398746,0.0162903955530182,0.161133482977298,0.0499558556755347,0.0105983748950683,0.0091522376905559,0.138716560411669,0.0100596377683276,0.00204845972898878,0.117482984383392,0,0
2026,"Otros delitos que atentan contra la vida y la integridad corporal",0.0400305979732692,4867,73,172,643,22,8,322,517,15,4,22,71,21,238,111,1017,155,476,14,15,21,131,103,87,108,36,46,39,216,0,104,5,55,0.0465692200421164,0.186604812234332,0.153486812188715,0.0228686900606436,0.00129335382652471,0.0787804974719289,0.056441257533052,0.00435997715371971,0.0051844497613857,0.0113432349462382,0.0107726754576756,0.0058231492922378,0.071384438192474,0.0123580122838642,0.0570629577801443,0.0304555581688389,0.230232864096829,0.0104594773698001,0.00230195442068862,0.00480659519793674,0.0183238848762068,0.0381343350445653,0.04063366092471,0.035968216086385,0.0112218087124253,0.0145173425436404,0.0157724368981198,0.0571810988936516,0,0.0128208083692265,0.00196654049342861,0.0318490148231106
2026,"Pornografía infantil",0.00222660072266921,243,12,1,30,2,5,1,28,0,5,4,0,2,0,0,0,3,0,0,76,9,6,0,39,0,2,1,9,8,0,0,0,0,0.00765521425349859,0.00108491169903682,0.00716112654068654,0.00207897182369487,0.000808346141577947,0.000244659930037046,0.00305677990507825,0,0.00648056220173212,0.00206240635386149,0,0.00055458564687979,0,0,0,0.000589462416171076,0,0,0.011663235731489,0.00205996937054431,0.000839261902727028,0,0.0182150893800424,0,0.000623433817356959,0.000315594403122617,0.00363979313033533,0.00211781847754265,0,0,0,0
2026,"Privación ilegal de la libertad",0.0426735732169487,5095,42,104,287,11,0,150,192,23,38,5,210,68,473,278,701,166,86,41,60,109,67,93,121,91,798,208,39,212,2,293,0,127,0.0267932498872451,0.112830816699829,0.0685081105725679,0.0114343450303218,0,0.036698989505557,0.0209607764919651,0.00668529830237023,0.0492522727331641,0.00257800794232687,0.0318628429029842,0.0188559119939129,0.141869072542186,0.0309506974316599,0.0393324812230887,0.0326169203614662,0.0415966939334608,0.0306313265829859,0.00920781768275446,0.0249485179321478,0.00937175791378514,0.0344319724188794,0.0565134824355162,0.0303065524431577,0.248750093125426,0.0656436358495044,0.0157724368981198,0.0561221896548803,0.00136563981932585,0.0361201620402245,0,0.0735422705915462
2026,"Rapto",0.000118769169978266,21,0,0,0,0,0,0,0,0,0,0,0,2,0,0,0,0,1,0,18,0,0,0,0,0,0,0,0,0,0,0,0,0,0,0,0,0,0,0,0,0,0,0,0,0.00055458564687979,0,0,0,0,0.000483682487598381,0,0.00276234530482634,0,0,0,0,0,0,0,0,0,0,0,0,0
2026,"Retención o sustracción de menores e incapaces",0.0619008632924371,8399,88,164,533,30,16,386,473,94,94,142,1145,96,111,181,1115,93,183,20,1009,63,445,141,221,184,169,19,178,346,0,595,12,53,0.0561382378589897,0.177925518642038,0.127229348206197,0.0311845773554231,0.00258670765304943,0.0944387329942999,0.0516377462536433,0.0273225234966435,0.121834569392564,0.0732154255620831,0.173728357732937,0.0266201110502299,0.0332927421822043,0.0201513533637786,0.0625616498769527,0.0182733349013034,0.0885138952305037,0.0149421105282858,0.154844800698321,0.0144197855938102,0.0622452577855879,0.052203313022172,0.10321883982024,0.0612791829619893,0.052680157566663,0.00599629365932973,0.0719870196888543,0.0915956491537197,0,0.0733498171124014,0.00471969718422866,0.0306908688295429
2026,"Robo",1.68486506566647,247693,4959,2591,12370,271,768,5579,34084,2554,1725,1263,15644,3015,6552,17353,47838,7312,6903,589,4163,2624,17934,9376,6119,5818,5463,2458,4697,4591,514,9392,509,2665,3.16351729025829,2.81100621220439,2.95277117694308,0.281700682110655,0.124161967346373,1.36495774967668,3.7209745101674,0.742358776706677,2.23579395959758,0.651204806231767,2.37363006844897,0.836037862671284,1.96517159259281,1.93196925371077,2.6841472706849,1.43671639568097,3.33886021189162,0.440045155058017,0.638869083555114,0.600595514256476,2.50855382725109,3.47133519784315,2.85790081837127,1.93762112213507,1.70290947211053,0.775731042875393,1.89956759257612,1.21536307879979,0.350969433566744,1.15781761734399,0.200193822231032,1.5432295364289
2026,"Secuestro",0.00182151832108532,225,0,2,5,0,8,50,5,0,1,0,3,5,3,9,11,21,8,6,8,13,7,2,0,2,8,8,11,6,4,19,0,0,0,0.00216982339807363,0.00119352109011442,0,0.00129335382652471,0.0122329965018523,0.000545853554478259,0,0.00129611244034642,0,0.000455183470042631,0.00138646411719948,0.000899803842762278,0.00100200099598899,0.000617200133315229,0.00412623691319753,0.00386945990078705,0.00448263315848574,0.00122770902436726,0.00297551131300845,0.000979138886514866,0.000740472525137191,0,0.000666078075673796,0.00249373526942783,0.00252475522498094,0.00444863604818763,0.00158836385815699,0.0027312796386517,0.00234226306745483,0,0
2026,"Suplantación y usurpación de identidad",0.0648348997649922,11647,125,172,323,1,7,180,3195,101,38,62,596,55,214,2813,1180,520,430,6,169,84,0,302,0,0,194,14,0,25,0,776,0,65,0.0797418151406103,0.186604812234332,0.0771014624213917,0.00103948591184744,0.00113168459820913,0.0440387874066684,0.348800421311607,0.0293571795017127,0.0492522727331641,0.0319672984848532,0.090429782715136,0.0152511052891942,0.0641860074503758,0.313180977968559,0.0662087415738155,0.102173485469653,0.207983469667304,0.00448263315848574,0.0259353531397584,0.0192263807917469,0,0.111811351295716,0,0,0.060473080283625,0.00441832164371664,0,0.00661818274232079,0,0.0956629547549974,0,0.0376397447909489
2026,"Tortura",0.011070053642337,1448,14,2,18,2,5,92,36,17,15,0,13,0,14,14,394,2,32,0,23,62,151,6,175,56,0,0,119,26,0,109,0,51,0.00893108329574836,0.00216982339807363,0.00429667592441192,0.00207897182369487,0.000808346141577947,0.0225087135634083,0.00393014559224346,0.00494130744088234,0.0194416866051964,0,0.00197246170351807,0,0.0041990845995573,0.00155866821598287,0.0221069865932909,0.000392974944114051,0.0154778396031482,0,0.00352966344505588,0.0141909001081942,0.0211214245519635,0.00222141757541157,0.0817343754232673,0.0186501861188663,0,0,0.0481261536122116,0.00688291005201362,0,0.0134371933869777,0,0.0295327228359753
2026,"Tráfico de menores",3.41158471548912e-06,1,0,0,0,0,0,0,1,0,0,0,0,0,0,0,0,0,0,0,0,0,0,0,0,0,0,0,0,0,0,0,0,0,0,0,0,0,0,0,0.000109170710895652,0,0,0,0,0,0,0,0,0,0,0,0,0,0,0,0,0,0,0,0,0,0,0,0,0
2026,"Trata de personas",0.0034661519934766,370,1,1,28,1,2,16,26,12,3,0,15,12,1,3,50,13,2,0,7,9,21,0,103,9,2,0,7,3,6,2,0,15,0.000637934521124883,0.00108491169903682,0.00668371810464077,0.00103948591184744,0.000323338456631179,0.00391455888059274,0.00283843848328695,0.00348798172297577,0.00388833732103927,0,0.00227591735021316,0.00332751388127874,0.000299934614254093,0.00033400033199633,0.00280545515143286,0.00255433713674133,0.000967364975196762,0,0.00107424539632135,0.00205996937054431,0.0029374166595446,0,0.0481065181062659,0.00299735134053208,0.000623433817356959,0,0.00283095021248303,0.000794181929078495,0.00409691945797756,0.000246554007100509,0,0.00868609495175743
2026,"Violación",0.0946440448560747,11893,194,139,520,151,94,738,1314,291,102,145,654,241,533,295,1663,364,285,98,822,408,456,403,330,296,250,89,146,313,9,317,31,202,0.123759297098227,0.150802726166117,0.1241261933719,0.156962372688963,0.0151969074616654,0.18055902836734,0.143450314116886,0.0845835567821625,0.132203468915335,0.0747622303274792,0.0992299964692935,0.0668275704490147,0.159865149397431,0.0328433659796391,0.0933094383366569,0.0715214398287572,0.137849508965539,0.0732163415886004,0.126147102253736,0.0933852781313423,0.0637839046072541,0.149205213815144,0.15412767936959,0.0985795551997218,0.0779292271696198,0.0280879018779129,0.0590455330032176,0.0828596479338563,0.00614537918696633,0.0390788101254307,0.0121925510592574,0.116972745350333
2026,"Violación a la intimidad sexual",0.033596258048865,4605,0,83,265,8,7,259,898,115,0,163,446,0,228,358,0,126,0,19,380,187,294,0,259,0,54,23,34,74,0,198,0,127,0,0.0900476710200557,0.0632566177760644,0.00831588729477949,0.00113168459820913,0.063366921879595,0.0980352983842953,0.0334264915118511,0,0.0840430589198559,0.0676706092130045,0,0.0683850920499331,0.039857372951562,0,0.0247574214791852,0,0.0141950050018715,0.0583161786574449,0.0428015858101985,0.0411238332336244,0,0.120966875626436,0,0.0168327130686379,0.0072586712718202,0.013750329603489,0.0195898209172695,0,0.0244088467029504,0,0.0735422705915462
2026,"Violencia de género en todas sus modalidades distinta a la violencia familiar",0.0197722792610109,2818,10,20,0,0,0,0,0,0,0,0,0,270,0,0,0,0,0,2,0,1,0,869,0,0,0,2,0,0,2,1635,7,0,0.00637934521124883,0.0216982339807363,0,0,0,0,0,0,0,0,0,0.0748690623287717,0,0,0,0,0,0.00149421105282858,0,0.000228885485616035,0,0.321735312172109,0,0,0,0.000631188806245235,0,0,0.00136563981932585,0.201557900804666,0.00275315669080005,0
2026,"Violencia familiar",1.30336059082845,163285,1605,2103,9757,183,448,8166,16180,8940,2518,3091,10515,1998,4847,7610,16343,1210,4171,878,15296,2103,6730,2880,4386,5923,4347,3316,4282,4417,19,6707,158,2158,1.02388490640544,2.28156930307442,2.32903705524928,0.190225921868081,0.072427814285384,1.99789298868252,1.76638210229165,2.59854638361695,3.2636111247923,1.59372450994647,1.59541806249942,0.55403106123291,1.45378307528959,0.84724750883069,0.916991070797344,0.237749841189001,2.01743965577285,0.655958652191746,2.3473796545902,0.481346176250522,0.941372100892149,1.06628043619756,2.048496974894,1.97259022110795,1.35503340202535,1.0465110407546,1.73173268712176,1.16930052691324,0.0129735782835956,0.826818862811556,0.062142679592344,1.2496395270595
